frame,time,meas_x,predicted_x,filtered_x,ahead_x,true_x,meas_y,predicted_y,filtered_y,ahead_y,true_y,meas_z,predicted_z,filtered_z,ahead_z,true_z,meas_yaw,predicted_yaw,filtered_yaw,ahead_yaw,true_yaw
1,0.033000,208.913013,210.330000,208.924749,214.330000,208.642522,500.183038,500.660000,500.192388,508.660000,500.657822,104.146446,100.165000,104.129938,102.165000,104.148993,0.429742,0.500000,0.430022,0.500000,0.506600
2,0.066000,208.968892,209.253984,209.107439,213.244710,209.249926,501.932845,500.852134,501.393886,508.849047,501.311288,104.365491,104.297096,104.333311,106.323265,104.298963,0.609479,0.430022,0.519738,0.430022,0.513199
3,0.099000,209.495098,209.427564,209.453906,213.307868,209.822079,502.633126,502.068551,502.270036,510.246306,501.960398,104.801132,104.504689,104.633862,106.582000,104.449894,0.535826,0.519738,0.525127,0.519738,0.519796
4,0.132000,210.860574,209.777940,210.166468,213.705625,210.359001,502.095599,502.959423,502.697474,511.315625,502.605152,104.722563,104.835943,104.787476,107.285405,104.601773,0.587436,0.525127,0.540890,0.525127,0.526390
5,0.165000,210.959576,210.570141,210.709067,215.463147,210.860862,502.431635,503.355645,503.092040,511.333478,503.245550,104.515429,104.976121,104.779459,107.262734,104.754584,0.559112,0.540890,0.544612,0.540890,0.532981
6,0.198000,211.374576,211.143393,211.225649,216.407946,211.327978,503.151234,503.710579,503.553105,511.208027,503.881592,104.926733,104.915871,104.920372,106.569357,104.908314,0.487755,0.544612,0.534823,0.544612,0.539568
7,0.231000,211.626000,211.677512,211.659510,217.154631,211.760813,504.587460,504.145863,504.269991,511.330806,504.513278,105.132002,105.057863,105.087111,106.724418,105.062948,0.492103,0.534823,0.528434,0.534823,0.546149
8,0.264000,212.118536,212.107818,212.111435,217.541856,212.159972,505.488869,504.883164,505.052560,512.315562,505.140608,104.800104,105.230837,105.070525,106.972974,105.218470,0.623089,0.528434,0.541014,0.528434,0.552723
9,0.297000,212.699191,212.560395,212.605111,218.002337,212.526197,505.962011,505.692575,505.766854,513.450333,505.763582,105.605255,105.183763,105.329801,106.556354,105.374868,0.632049,0.541014,0.551955,0.541014,0.559291
10,0.330000,212.935915,213.061420,213.023016,218.592439,212.860368,506.143310,506.417981,506.344038,514.310429,506.382200,105.611880,105.468000,105.514664,107.143143,105.532126,0.665672,0.551955,0.564491,0.551955,0.565850
11,0.363000,213.322918,213.473555,213.429938,218.934641,213.163491,507.520656,506.984814,507.124335,514.751792,506.996462,105.932109,105.660092,105.742553,107.422864,105.690230,0.556424,0.564491,0.563665,0.564491,0.572401
12,0.396000,213.627928,213.874459,213.806951,219.262585,213.436696,507.605513,507.783337,507.738693,515.771240,507.606368,105.681309,105.899660,105.837393,107.803995,105.849165,0.622639,0.563665,0.569317,0.563665,0.578942
13,0.429000,214.036390,214.242866,214.189391,219.526686,213.681231,508.751819,508.392251,508.478842,516.314166,508.211918,106.042075,105.986373,106.001285,107.792195,106.008917,0.515549,0.569317,0.564450,0.569317,0.585472
14,0.462000,214.116762,214.618974,214.495638,219.826043,213.898457,508.927014,509.142276,509.092560,517.183902,508.813112,105.844679,106.152072,106.074231,107.979800,106.169471,0.653277,0.564450,0.572099,0.564450,0.591990
15,0.495000,214.370142,214.911581,214.785368,219.953326,214.089835,509.662406,509.750676,509.731160,517.727840,509.409950,106.716940,106.216197,106.335559,107.936997,106.330814,0.656101,0.572099,0.579023,0.572099,0.598496
16,0.528000,214.286013,215.188209,214.987926,220.071126,214.256928,510.289880,510.387312,510.366686,518.340668,510.002432,106.425212,106.490257,106.475471,108.365387,106.492930,0.727584,0.579023,0.590804,0.579023,0.604989
17,0.561000,214.615837,215.371150,215.211392,220.016285,214.401383,510.944758,511.020879,511.005442,518.950485,510.590558,106.857064,106.628676,106.678045,108.485700,106.655806,0.582056,0.590804,0.590133,0.590804,0.611467
18,0.594000,214.485504,215.579784,215.358346,220.045139,214.524930,511.639668,511.658245,511.654633,519.571019,511.174328,106.975066,106.836000,106.864756,108.750603,106.819426,0.682590,0.590133,0.597009,0.590133,0.617931
19,0.627000,214.500252,215.707165,215.473144,219.935273,214.629372,511.833228,512.307129,512.218620,520.216161,511.753742,106.754895,107.025361,106.971562,108.972086,106.983778,0.568725,0.597009,0.594961,0.597009,0.624378
20,0.660000,215.393962,215.802185,215.726421,219.790560,214.716572,512.181297,512.863907,512.741334,520.685576,512.328800,106.982291,107.127394,107.099655,109.016262,107.148846,0.540176,0.594961,0.591085,0.594961,0.630809
21,0.693000,214.613521,216.049315,215.791903,219.963179,214.788451,513.428726,513.377082,513.385996,521.083114,512.899502,107.165749,107.253105,107.236999,109.113110,107.314616,0.542588,0.591085,0.587725,0.591085,0.637222
22,0.726000,214.705925,216.094669,215.854587,219.764557,214.846973,514.003207,514.022409,514.019214,521.736503,513.465848,107.698531,107.389105,107.444145,109.232819,107.481075,0.587381,0.587725,0.587701,0.587725,0.643616
23,0.759000,214.664594,216.139192,215.892699,219.588960,214.894137,513.655107,514.655398,514.494503,522.366714,514.027838,107.268406,107.600735,107.543090,109.498798,107.648207,0.580585,0.587701,0.587225,0.587701,0.649991
24,0.792000,214.763070,216.159204,215.933193,219.389570,214.931969,514.963970,515.119565,515.095407,522.696079,514.585472,107.994306,107.695077,107.745337,109.537349,107.815999,0.710059,0.587225,0.595330,0.587225,0.656346
25,0.825000,214.688573,216.183531,215.948497,219.217936,214.962511,515.534436,515.718856,515.691137,523.275810,515.138750,107.578488,107.901272,107.848126,109.791397,107.984437,0.686432,0.595330,0.601265,0.595330,0.662680
26,0.858000,214.795179,216.182406,215.970323,219.017662,214.987810,516.573468,516.312792,516.350746,523.848004,515.687672,108.268270,107.999941,108.042954,109.840124,108.153506,0.676290,0.601265,0.606098,0.601265,0.668992
27,0.891000,215.315301,216.189700,216.059651,218.848809,215.009912,515.598180,516.974787,516.779677,524.538912,516.232238,108.283205,108.198069,108.211467,110.078261,108.323193,0.654073,0.606098,0.609158,0.606098,0.675282
28,0.924000,214.809549,216.270268,216.057581,218.823199,215.030848,515.616126,517.391780,517.146942,524.811212,516.772448,108.853931,108.367603,108.442567,110.260161,108.493484,0.641606,0.609158,0.611209,0.609158,0.681548
29,0.957000,214.680583,216.254079,216.029776,218.635865,215.052628,517.215684,517.744430,517.673596,524.986701,517.308302,108.343265,108.604380,108.564520,110.565745,108.664364,0.630219,0.611209,0.612401,0.611209,0.687790
30,0.990000,215.109284,216.211561,216.057799,218.415023,215.077229,517.758398,518.266949,518.200530,525.459100,517.839800,108.630483,108.723326,108.709362,110.648244,108.835820,0.665643,0.612401,0.615718,0.612401,0.694006
31,1.023000,215.279567,216.229598,216.099520,218.312018,215.106586,518.155298,518.790083,518.709128,525.936181,518.366942,108.939822,108.867117,108.877910,110.779296,109.007837,0.619482,0.615718,0.615951,0.615718,0.700197
32,1.056000,215.358475,216.262938,216.141127,218.243765,215.142586,518.293749,519.294134,519.169338,526.385113,518.889728,109.187119,109.036476,109.058602,110.958491,109.180403,0.770134,0.615951,0.625445,0.615951,0.706361
33,1.089000,215.066279,216.296745,216.133236,218.183020,215.187054,519.049829,519.747448,519.662304,526.754831,519.408158,109.559888,109.218831,109.268419,111.161003,109.353503,0.783022,0.625445,0.635102,0.625445,0.712498
34,1.122000,215.527757,216.278431,216.180175,218.038373,215.241749,520.323820,520.235776,520.246294,527.186945,519.922232,109.988900,109.432377,109.512570,111.419746,109.527123,0.642309,0.635102,0.635542,0.635102,0.718607
35,1.155000,215.296028,216.319128,216.186633,218.003404,215.308353,520.214590,520.820331,520.749234,527.778357,520.431950,110.005132,109.682563,109.728842,111.743084,109.701250,0.742668,0.635542,0.642055,0.635542,0.724686
36,1.188000,215.650287,216.317186,216.231836,217.899651,215.388464,521.628473,521.319490,521.355067,528.231682,520.937312,109.872479,109.902322,109.898051,112.005106,109.875870,0.921663,0.642055,0.658997,0.642055,0.730736
37,1.221000,215.498696,216.356986,216.248058,217.873948,215.483589,521.365786,521.927197,521.863514,528.862105,521.438318,109.689951,110.071208,110.016723,112.170086,110.050970,0.728275,0.658997,0.663182,0.658997,0.736755
38,1.254000,215.462902,216.366314,216.252551,217.799720,215.595137,522.171273,522.432317,522.403170,529.326895,521.934968,110.388515,110.185765,110.214509,112.234764,110.226536,0.600128,0.663182,0.659383,0.663182,0.742744
39,1.287000,215.827951,216.363607,216.296719,217.709737,215.724413,522.917381,522.970460,522.964619,529.846708,522.427262,110.355102,110.385725,110.381388,112.461072,110.402555,0.739652,0.659383,0.664209,0.659383,0.748700
40,1.320000,216.245636,216.403539,216.383969,217.698326,215.872608,522.588965,523.531608,523.429068,530.404203,522.915200,110.519989,110.552276,110.547713,112.623642,110.579013,0.809387,0.664209,0.672918,0.664209,0.754623
41,1.353000,215.524209,216.489548,216.370125,217.769299,216.040799,523.541387,523.990793,523.942533,530.799570,523.398782,110.797894,110.718255,110.729479,112.785430,110.755896,0.774868,0.672918,0.679024,0.672918,0.760514
42,1.386000,216.494378,216.468126,216.471347,217.656018,216.229940,523.399783,524.501789,524.384624,531.280644,523.878008,110.930596,110.900872,110.905057,112.978367,110.933193,0.743961,0.679024,0.682906,0.679024,0.766370
43,1.419000,216.513299,216.569552,216.562674,217.759925,216.440861,523.480149,524.937903,524.784383,531.644322,524.352878,111.357798,111.076768,111.116209,113.158114,111.110888,0.819933,0.682906,0.691087,0.682906,0.772191
44,1.452000,216.622055,216.660442,216.655763,217.845510,216.674261,525.690142,525.329849,525.367328,531.941561,524.823392,111.157095,111.290916,111.272093,113.408578,111.288969,0.696188,0.691087,0.691392,0.691087,0.777977
45,1.485000,216.866498,216.753233,216.766996,217.934687,216.930705,525.034612,525.914698,525.823721,532.549496,525.289550,111.478914,111.445369,111.450078,113.545693,111.467424,0.663746,0.691392,0.689745,0.691392,0.783726
46,1.518000,217.037989,216.865344,216.886275,218.057441,217.210624,525.317398,526.366473,526.258814,532.945287,525.751352,111.644163,111.623713,111.626582,113.728374,111.646238,0.821730,0.689745,0.697599,0.689745,0.789439
47,1.551000,217.603231,216.985960,217.060533,218.194261,217.514310,525.758426,526.796103,526.690340,533.308702,526.208798,111.812861,111.800434,111.802177,113.907740,111.825400,0.762895,0.697599,0.701481,0.697599,0.795115
48,1.584000,217.769526,217.164986,217.237924,218.431085,217.841918,527.102971,527.222263,527.210198,533.669822,526.661888,112.071773,111.976162,111.989554,114.085073,112.004895,0.915898,0.701481,0.714218,0.701481,0.800752
49,1.617000,218.661967,217.347045,217.505055,218.669729,218.193460,526.540698,527.741509,527.620495,534.181647,527.110622,112.279920,112.164558,112.180707,114.285808,112.184712,0.823096,0.714218,0.720682,0.714218,0.806350
50,1.650000,217.732818,217.624299,217.637390,219.069671,218.568812,527.865646,528.145663,528.117625,534.511337,527.555000,112.330034,112.356938,112.353169,114.493065,112.364836,0.735614,0.720682,0.721568,0.720682,0.811910
51,1.683000,218.641163,217.757473,217.863664,219.213017,218.967708,528.300038,528.641369,528.607335,534.989779,527.995022,112.762494,112.529113,112.561728,114.661770,112.545257,0.751427,0.721568,0.723338,0.721568,0.817429
52,1.716000,218.935375,217.990557,218.103992,219.528659,219.389746,528.181419,529.129349,529.035092,535.456788,528.430688,112.320239,112.740150,112.681196,114.902833,112.725960,0.730807,0.723338,0.723781,0.723338,0.822907
53,1.749000,219.459588,218.238164,218.384565,219.864494,219.834386,529.783614,529.552311,529.575187,535.821623,528.861998,112.428151,112.855142,112.795213,114.963573,112.906934,0.876448,0.723781,0.732826,0.723781,0.828345
54,1.782000,220.227547,218.528134,218.731337,220.268367,220.300955,529.831345,530.093570,530.067690,536.377003,529.288952,113.056140,112.964610,112.977402,115.017913,113.088166,0.856370,0.732826,0.740142,0.732826,0.833740
55,1.815000,221.090607,218.887951,219.150677,220.786312,220.788651,529.716580,530.584754,530.499198,536.852197,529.711550,113.435291,113.147770,113.187878,115.212835,113.269643,0.819495,0.740142,0.744840,0.740142,0.839093
56,1.848000,221.598602,219.324159,219.595242,221.426980,221.296544,529.893586,531.011897,530.901887,537.226434,530.129792,113.415864,113.361288,113.368912,115.463219,113.451353,0.830214,0.744840,0.749893,0.744840,0.844404
57,1.881000,221.895878,219.786128,220.037622,222.099900,221.823581,529.949095,531.408969,531.265549,537.555418,530.543678,113.763924,113.542899,113.573724,115.651835,113.633284,0.744877,0.749893,0.749596,0.749893,0.849671
58,1.914000,222.466038,220.244651,220.509198,222.754096,222.368591,531.226092,531.765302,531.712498,537.822908,530.953208,113.850646,113.750047,113.764084,115.887291,113.815423,0.856688,0.749596,0.755931,0.749596,0.854893
59,1.947000,223.072815,220.733203,221.011545,223.448421,222.930294,531.586729,532.209550,532.148634,538.234420,531.358382,114.122020,113.941470,113.966638,116.091599,113.997759,0.821048,0.755931,0.759783,0.755931,0.860072
60,1.980000,223.522534,221.253406,221.523275,224.185051,223.507301,532.774855,532.642568,532.655474,538.629645,531.759200,113.954211,114.145929,114.119140,116.319148,114.180280,0.817049,0.759783,0.763169,0.759783,0.865205
61,2.013000,224.163158,221.782441,222.065276,224.923838,224.098124,532.785556,533.150069,533.114511,539.145159,532.155662,114.344260,114.296404,114.303076,116.445059,114.362973,0.802859,0.763169,0.765516,0.763169,0.870293
62,2.046000,224.705866,222.342569,222.623161,225.703689,224.701182,531.435704,533.607284,533.394981,539.580285,532.547768,114.798935,114.480845,114.525084,116.635615,114.545826,0.907290,0.765516,0.773897,0.765516,0.875335
63,2.079000,225.361110,222.918427,223.208143,226.497412,225.314809,532.999982,533.876868,533.791388,539.717917,532.935518,114.799300,114.706196,114.719161,116.901497,114.728829,0.803433,0.773897,0.775643,0.773897,0.880330
64,2.112000,225.774520,223.521957,223.789114,227.325761,225.937262,532.623974,534.268890,534.108429,540.056787,533.318912,115.005222,114.901253,114.915723,117.108426,114.911968,0.869191,0.775643,0.781172,0.775643,0.885279
65,2.145000,226.652435,224.120021,224.419797,228.131012,226.566726,533.527599,534.577696,534.475413,540.265779,533.697950,115.188591,115.098908,115.111385,117.319326,115.095233,0.945806,0.781172,0.790901,0.781172,0.890180
66,2.178000,226.437312,224.769871,224.967750,229.013199,227.201328,533.564744,534.939429,534.805510,540.563866,534.072632,115.768907,115.295511,115.361158,117.527345,115.278612,0.927038,0.790901,0.798946,0.790901,0.895033
67,2.211000,227.547588,225.330469,225.592787,229.727058,227.839142,534.305154,535.262650,535.169470,540.803735,534.442958,115.495378,115.550236,115.542603,117.842103,115.462093,1.023583,0.798946,0.812219,0.798946,0.899838
68,2.244000,228.077472,225.972256,226.221217,230.571882,228.478196,534.445738,535.621824,535.507361,541.104902,534.808928,115.309660,115.731106,115.672329,118.015995,115.645666,0.872941,0.812219,0.815806,0.812219,0.904594
69,2.277000,229.199791,226.616573,226.921217,231.408768,229.116489,535.260387,535.953836,535.886416,541.365647,535.170542,115.649371,115.856402,115.827587,118.087590,115.829318,0.912592,0.815806,0.821525,0.815806,0.909301
70,2.310000,229.419856,227.336000,227.581990,232.363674,229.751992,535.556147,536.329427,536.254251,541.699258,535.527800,115.992851,116.009489,116.007177,118.214361,116.013039,0.863418,0.821525,0.823999,0.821525,0.913959
71,2.343000,229.954350,228.012448,228.241581,233.230132,230.382661,536.079612,536.693400,536.633755,542.016418,535.880702,115.999609,116.188905,116.162583,118.391667,116.196818,0.968774,0.823999,0.832552,0.823999,0.918567
72,2.376000,230.841316,228.686631,228.940412,234.081178,231.006449,536.539472,537.069840,537.018316,542.355718,536.229248,116.260063,116.342329,116.330903,118.521070,116.380643,1.008314,0.832552,0.842934,0.832552,0.923125
73,2.409000,231.802420,229.401611,229.683832,234.991911,231.621312,535.983021,537.451754,537.308864,542.705550,536.573438,116.446869,116.509789,116.501054,118.678107,116.564504,0.846400,0.842934,0.843139,0.842934,0.927632
74,2.442000,232.063873,230.162978,230.386629,235.970813,232.225220,536.720849,537.734963,537.636389,542.899794,536.913272,116.608121,116.679283,116.669407,118.839636,116.748390,0.973957,0.843139,0.850866,0.843139,0.932089
75,2.475000,232.829150,230.879987,231.109037,236.860087,232.816168,536.437618,538.057425,537.899833,543.160889,537.248750,116.994154,116.846893,116.867291,118.998243,116.932291,0.981838,0.850866,0.858602,0.850866,0.936494
76,2.508000,232.833724,231.616940,231.760175,237.773338,233.392183,537.775462,538.312776,538.260601,543.318145,537.579872,117.223178,117.046311,117.070796,119.216248,117.116194,0.910604,0.858602,0.861673,0.858602,0.940848
77,2.541000,233.667536,232.277167,232.440560,238.543732,233.951337,537.138591,538.670865,538.521840,543.643760,537.906638,117.177318,117.251656,117.241349,119.443897,117.300092,0.985253,0.861673,0.868972,0.861673,0.945150
78,2.574000,234.568341,232.967912,233.155650,239.360059,234.491753,538.354580,538.924454,538.869124,543.804615,538.229048,116.791494,117.421435,117.333772,119.604291,117.483971,0.967201,0.868972,0.874774,0.868972,0.949400
79,2.607000,235.104474,233.694899,233.860201,240.231241,235.011615,538.334430,539.268897,539.178121,544.114634,538.547102,117.987479,117.507274,117.573538,119.610337,117.667824,0.845233,0.874774,0.873029,0.874774,0.953598
80,2.640000,236.423172,234.409916,234.645244,241.073133,235.509180,538.732623,539.573236,539.491598,544.362505,538.860800,117.859104,117.752015,117.766828,119.915373,117.851638,1.013945,0.873029,0.881351,0.873029,0.957743
81,2.673000,236.089156,235.209851,235.312965,242.053565,235.982781,538.663717,539.882524,539.764093,544.621020,539.170142,117.947158,117.946416,117.946519,120.123248,118.035405,0.997798,0.881351,0.888229,0.881351,0.961836
82,2.706000,236.182394,235.884091,235.919114,242.806839,236.430839,539.866230,540.148943,540.121518,544.813797,539.475128,117.883599,118.126115,118.092508,120.303040,118.219114,0.820349,0.888229,0.884220,0.888229,0.965875
83,2.739000,236.899511,236.492454,236.540179,243.442026,236.851871,540.099697,540.504962,540.465643,545.152765,539.775758,118.332128,118.269584,118.278229,120.415963,118.402755,0.989278,0.884220,0.890424,0.884220,0.969862
84,2.772000,237.023649,237.116533,237.105632,244.102636,237.244497,539.655560,540.847071,540.731333,545.470436,540.072032,118.423067,118.455953,118.451406,120.610187,118.586319,1.054713,0.890424,0.900127,0.890424,0.973795
85,2.805000,237.107692,237.681298,237.613921,244.659063,237.607446,539.982562,541.106827,540.997644,545.658268,540.363950,118.334760,118.628790,118.588068,120.778893,118.769796,0.896831,0.900127,0.899932,0.900127,0.977674
86,2.838000,237.795098,238.185337,238.139568,245.111594,237.939563,540.610164,541.367542,541.294042,545.851148,540.651512,118.948216,118.762402,118.788039,120.875536,118.953176,0.884117,0.899932,0.898998,0.899932,0.981500
87,2.871000,237.994844,238.708099,238.624409,245.599386,238.239815,541.231718,541.660173,541.618621,546.098123,540.934718,118.869180,118.964292,118.951147,121.100692,119.136450,1.103684,0.898998,0.911086,0.898998,0.985272
88,2.904000,238.624799,239.187668,239.121708,246.015049,238.507300,540.680633,541.982623,541.856184,546.394767,541.213568,119.726363,119.126416,119.208890,121.250891,119.319609,0.916145,0.911086,0.911385,0.911086,0.988990
89,2.937000,238.907476,239.680814,239.590181,246.457853,238.741245,542.347888,542.213708,542.226706,546.547343,541.488062,119.243567,119.390330,119.370053,121.589601,119.502643,1.033716,0.911385,0.918609,0.911385,0.992654
90,2.970000,238.333028,240.143583,239.930709,246.851483,238.941019,541.837349,542.584897,542.512384,546.926601,541.758200,119.406654,119.549976,119.530182,121.730866,119.685543,1.054153,0.918609,0.926613,0.918609,0.996264
91,3.003000,239.144513,240.470721,240.315159,247.016312,239.106130,541.944230,542.866862,542.777350,547.163558,542.023982,119.812827,119.708626,119.722986,121.871578,119.868300,0.919221,0.926613,0.926177,0.926613,0.999820
92,3.036000,239.521145,240.845390,240.690137,247.272422,239.236231,542.547786,543.127244,543.071065,547.368392,542.285408,120.158103,119.902503,119.937678,122.078464,120.050906,0.894481,0.926177,0.924305,0.926177,1.003321
93,3.069000,239.736112,241.210610,241.037724,247.519367,239.331122,542.181177,543.418084,543.298046,547.624374,542.542478,120.434715,120.119823,120.163124,122.327633,120.233351,1.052135,0.924305,0.931854,0.924305,1.006768
94,3.102000,239.838351,241.547334,241.346861,247.724434,239.390755,543.042849,543.638922,543.581143,547.770747,542.795192,120.638582,120.348501,120.388382,122.595503,120.415627,0.987341,0.931854,0.935130,0.931854,1.010161
95,3.135000,239.373651,241.843882,241.553397,247.868373,239.415231,543.620321,543.919062,543.890122,548.015050,543.043550,120.784672,120.576736,120.605328,122.859818,120.597726,1.028649,0.935130,0.940653,0.935130,1.013499
96,3.168000,239.724448,242.032180,241.761040,247.835618,239.404802,543.442174,544.226560,544.150520,548.304601,543.287552,120.837321,120.795816,120.801527,123.104754,120.779639,1.104316,0.940653,0.950318,0.940653,1.016783
97,3.201000,239.381111,242.222807,241.888343,247.819977,239.359875,543.467415,544.483069,544.384583,548.513962,543.527198,121.220519,120.992441,121.023771,123.306542,120.961357,1.022752,0.950318,0.954595,0.950318,1.020012
98,3.234000,239.329367,242.329124,241.975898,247.671924,239.281004,543.196575,544.712094,544.565030,548.681932,543.762488,120.983193,121.217020,121.184808,123.559430,121.142873,0.999590,0.954595,0.957252,0.954595,1.023187
99,3.267000,239.533203,242.394522,242.057790,247.468748,239.168895,543.897973,544.885021,544.789332,548.763701,543.993422,121.025554,121.375657,121.327406,123.688974,121.324178,0.976596,0.957252,0.958395,0.957252,1.026307
100,3.300000,238.485430,242.455295,241.986188,247.273538,239.024404,544.403240,545.104430,545.036492,548.923806,544.220000,121.705149,121.514661,121.540803,123.784421,121.505265,1.104886,0.958395,0.967045,0.958395,1.029373
101,3.333000,238.454212,242.354277,241.893490,246.815966,238.848528,544.869484,545.348117,545.301764,549.125393,544.442222,121.652258,121.730005,121.719319,124.023356,121.686125,1.047808,0.967045,0.971815,0.967045,1.032385
102,3.366000,238.745751,242.232689,241.821263,246.344184,238.642410,544.836810,545.611019,545.536010,549.359575,544.660088,121.969156,121.907725,121.916157,124.191436,121.866751,0.927476,0.971815,0.969196,0.971815,1.035342
103,3.399000,238.495104,242.134667,241.704882,245.933502,238.407330,544.794592,545.841432,545.739972,549.543519,544.873598,121.930559,122.105191,122.081190,124.396505,122.047136,1.088839,0.969196,0.976262,0.969196,1.038246
104,3.432000,237.768350,241.991341,241.491420,245.463573,238.144702,544.586162,546.040209,545.899198,549.679448,545.082752,122.307680,122.268439,122.273822,124.538120,122.227272,0.938505,0.976262,0.974032,0.976262,1.041095
105,3.465000,237.654493,241.746537,241.262153,244.838864,237.856069,545.637820,546.192230,546.138548,549.744133,545.287550,122.583908,122.461471,122.478250,124.736002,122.407151,1.072439,0.974032,0.979843,0.974032,1.043891
106,3.498000,237.609927,241.486900,241.028119,244.211112,237.543097,545.211115,546.428838,546.310808,549.947496,545.487992,122.826171,122.667146,122.688927,124.956791,122.586767,1.041363,0.979843,0.983476,0.979843,1.046633
107,3.531000,237.612928,241.224099,240.796960,243.599621,237.207571,544.992152,546.595067,546.439613,550.040640,545.684078,122.712984,122.879441,122.856598,125.188696,122.766112,1.037008,0.983476,0.986637,0.983476,1.049321
108,3.564000,236.431145,240.966155,240.427575,243.016997,236.851385,545.896566,546.715932,546.636575,550.065255,545.875808,122.974096,123.045416,123.035639,125.334113,122.945180,1.016024,0.986637,0.988373,0.986637,1.051956
109,3.597000,236.253118,240.562991,240.051230,242.204388,236.476537,546.023410,546.908841,546.823080,550.209035,546.063182,123.479015,123.223731,123.258635,125.503632,123.123963,1.064608,0.988373,0.992874,0.988373,1.054537
110,3.630000,235.931851,240.154542,239.652925,241.406812,236.085120,546.544063,547.090967,547.038027,550.338073,546.246200,123.329582,123.449316,123.432908,125.760607,123.302455,1.023764,0.992874,0.994699,0.992874,1.057066
111,3.663000,235.704792,239.724763,239.247207,240.595534,235.679317,546.640907,547.303210,547.239091,550.517549,546.424862,123.631295,123.622373,123.623594,125.918915,123.480650,0.998646,0.994699,0.994932,0.994699,1.059542
112,3.696000,235.623922,239.289074,238.853877,239.796555,235.261388,547.126842,547.501000,547.464796,550.675655,546.599168,123.415731,123.813149,123.758623,126.110788,123.658541,1.080357,0.994932,0.999976,0.994932,1.061965
113,3.729000,235.049505,238.868424,238.414308,239.044748,234.833664,546.853405,547.724856,547.640468,550.877107,546.769118,123.806023,123.944137,123.925228,126.192795,123.836121,1.062935,0.999976,1.003694,0.999976,1.064336
114,3.762000,234.268633,238.400338,237.907996,238.231010,234.398539,546.096354,547.896220,547.721667,550.996252,546.934712,123.954098,124.109341,124.088091,126.341020,124.013384,1.118999,1.003694,1.010503,1.003694,1.066654
115,3.795000,233.565821,237.863100,237.350209,237.318908,233.958456,547.158348,547.968510,547.890070,550.960542,547.095950,123.894716,124.270631,124.219111,126.483234,124.190326,1.068129,1.010503,1.013906,1.010503,1.068921
116,3.828000,233.396477,237.273085,236.810660,236.338252,233.515904,546.686949,548.132909,547.992770,551.076414,547.252832,124.214993,124.397837,124.372818,126.564209,124.366938,1.023607,1.013906,1.014479,1.013906,1.071136
117,3.861000,233.434536,236.704469,236.314893,235.417301,233.073400,547.048359,548.228457,548.114137,551.085269,547.405358,124.455450,124.549693,124.536809,126.693622,124.543217,1.060405,1.014479,1.017191,1.014479,1.073300
118,3.894000,232.583566,236.184204,235.754232,234.600090,232.633488,547.351934,548.343990,548.247918,551.130088,547.553528,124.927829,124.712730,124.742065,126.845105,124.719155,1.033977,1.017191,1.018182,1.017191,1.075413
119,3.927000,232.661979,235.596494,235.246567,233.684513,232.198720,547.521855,548.472869,548.380779,551.199545,547.697342,124.767931,124.920156,124.899348,127.078830,124.894749,1.113357,1.018182,1.023803,1.018182,1.077476
120,3.960000,231.657376,235.066806,234.659068,232.887883,231.771653,548.194600,548.601031,548.561711,551.270753,547.836800,125.470136,125.075900,125.129571,127.215927,125.069991,1.130609,1.023803,1.030110,1.023803,1.079488
121,3.993000,231.426249,234.453635,234.091707,231.963540,231.354833,548.170412,548.779957,548.720968,551.425362,547.971902,124.977810,125.310090,125.264641,127.498200,125.244878,1.171128,1.030110,1.038437,1.030110,1.081450
122,4.026000,230.699534,233.863477,233.484599,231.097048,230.950790,548.312594,548.936205,548.875854,551.545132,548.102648,125.957628,125.441802,125.511926,127.589209,125.419403,1.019449,1.038437,1.037316,1.038437,1.083362
123,4.059000,230.411179,233.232493,232.894702,230.176663,230.562023,548.718659,549.088012,549.052283,551.659623,548.229038,125.449541,125.694267,125.660834,127.904452,125.593563,1.101577,1.037316,1.041111,1.037316,1.085225
124,4.092000,229.683537,232.621300,232.269008,229.307331,230.190993,548.442433,549.262619,549.183222,551.812139,548.351072,125.528091,125.840706,125.797992,128.020972,125.767352,1.009284,1.041111,1.039231,1.041111,1.087040
125,4.125000,229.386383,231.973384,231.663215,228.390068,229.840111,548.541040,549.389507,549.307370,551.889942,548.468750,126.056231,125.974711,125.985816,128.116767,125.940765,1.095570,1.039231,1.042558,1.039231,1.088806
126,4.158000,229.617277,231.348018,231.140954,227.527444,229.511731,548.932126,549.509467,549.453603,551.959126,548.582072,126.507767,126.163355,126.210175,128.315342,126.113798,1.161045,1.042558,1.049555,1.042558,1.090524
127,4.191000,229.344868,230.812683,230.637058,226.833642,229.208137,548.784912,549.652851,549.568829,552.067978,548.691038,126.474369,126.391166,126.402494,128.585007,126.286446,1.084766,1.049555,1.051634,1.049555,1.092194
128,4.224000,228.526946,230.297693,230.085346,226.184180,228.931537,548.644125,549.763793,549.655359,552.126987,548.795648,126.430908,126.584320,126.563408,128.788283,126.458706,1.128258,1.051634,1.056159,1.051634,1.093818
129,4.257000,228.735247,229.732562,229.613194,225.456384,228.684049,549.830984,549.844793,549.843458,552.140972,548.895902,126.828545,126.743694,126.755238,128.928977,126.630573,1.118815,1.056159,1.059859,1.056159,1.095395
130,4.290000,228.086062,229.252863,229.112977,224.885204,228.467699,548.332968,550.032825,549.868051,552.328178,548.991800,126.787093,126.936374,126.916039,129.131965,126.802043,1.040053,1.059859,1.058689,1.059859,1.096925
131,4.323000,228.220169,228.743797,228.681115,224.268885,228.284409,549.677458,550.049017,550.013079,552.242547,549.083342,127.345382,127.095678,127.129589,129.273117,126.973113,1.087376,1.058689,1.060383,1.058689,1.098410
132,4.356000,227.715948,228.307968,228.237015,223.784975,228.135987,548.411091,550.192213,550.019541,552.363537,549.170528,127.103202,127.311725,127.283327,129.519423,127.143778,1.142936,1.060383,1.065258,1.060383,1.099849
133,4.389000,227.795917,227.859376,227.851780,223.281935,228.024124,549.585949,550.189874,550.131439,552.254509,549.253358,127.144452,127.463373,127.419922,129.645742,127.314034,1.132844,1.065258,1.069249,1.065258,1.101244
134,4.422000,227.924923,227.473660,227.527616,222.890387,227.950386,548.840946,550.298793,550.157537,552.327325,549.331832,127.587686,127.596772,127.595537,129.740400,127.483880,1.128480,1.069249,1.072747,1.069249,1.102595
135,4.455000,227.696632,227.152915,227.217952,222.611079,227.916204,549.773198,550.317691,550.265012,552.258955,549.405950,127.695067,127.772295,127.761797,129.914822,127.653310,1.031284,1.072747,1.070299,1.072747,1.103902
136,4.488000,228.471305,226.847372,227.040940,222.355499,227.922874,549.451708,550.422481,550.328494,552.331201,549.475712,128.034364,127.937784,127.950893,130.070957,127.822323,1.129426,1.070299,1.073790,1.070299,1.105166
137,4.521000,227.688307,226.682633,226.802862,222.339510,227.971545,549.337944,550.481173,550.370456,552.331833,549.541118,128.340759,128.127843,128.156713,130.272693,127.990915,1.055183,1.073790,1.072691,1.073790,1.106387
138,4.554000,228.267933,226.452179,226.668686,222.201472,228.063221,549.404519,550.517493,550.409711,552.299763,549.602168,127.746356,128.335783,128.255455,130.506339,128.159083,1.098332,1.072691,1.074206,1.072691,1.107566
139,4.587000,228.088284,226.331735,226.541318,222.247488,228.198752,550.476350,550.551256,550.544014,552.266949,549.658862,127.873941,128.428627,128.353073,130.527682,128.326825,1.013546,1.074206,1.070623,1.074206,1.108704
140,4.620000,228.241149,226.217664,226.458928,222.294581,228.378832,549.605807,550.685189,550.580663,552.396410,549.711200,128.657090,128.520698,128.539186,130.552521,128.494137,1.034994,1.070623,1.068519,1.070623,1.109801
141,4.653000,228.372036,226.150582,226.415314,222.413055,228.603997,550.112219,550.716512,550.658038,552.363175,549.759182,128.653816,128.708168,128.700793,130.756437,128.661018,1.035938,1.068519,1.066595,1.068519,1.110858
142,4.686000,228.542805,226.123768,226.411875,222.589870,228.874621,550.156003,550.790908,550.729467,552.401456,549.802808,129.158995,128.869234,128.908450,130.910945,128.827465,1.040925,1.066595,1.065080,1.066595,1.111875
143,4.719000,229.196907,226.138612,226.501991,222.826341,229.190918,550.618496,550.859207,550.835928,552.431811,549.842078,128.682151,129.079768,129.025721,131.156344,128.993477,0.986639,1.065080,1.060448,1.065080,1.112853
144,4.752000,229.782693,226.251790,226.670558,223.219060,229.552936,549.285211,550.964482,550.801693,552.522709,549.876992,128.829903,129.193075,129.143734,131.221617,129.159050,1.178653,1.060448,1.067428,1.060448,1.113793
145,4.785000,229.947033,226.446936,226.862054,223.736356,229.960560,549.736773,550.921953,550.807153,552.379655,549.907550,129.550421,129.307472,129.340338,131.292174,129.324183,1.256482,1.067428,1.078592,1.067428,1.114695
146,4.818000,230.383380,226.664776,227.105350,224.273520,230.413513,550.897573,550.921565,550.919245,552.308377,549.933752,129.769071,129.506485,129.541994,131.520380,129.488875,1.164523,1.078592,1.083666,1.078592,1.115560
147,4.851000,231.038821,226.936029,227.421264,224.883645,230.911356,550.617073,551.033539,550.993248,552.418919,549.955598,129.368915,129.710742,129.664342,131.756168,129.653124,1.098067,1.083666,1.084517,1.083666,1.116388
148,4.884000,231.318871,227.282728,227.760014,225.603510,231.453489,550.783249,551.105489,551.074318,552.465992,549.973088,129.693278,129.829692,129.811205,131.833931,129.816928,0.985306,1.084517,1.078658,1.084517,1.117181
149,4.917000,231.848759,227.651754,228.147517,226.339513,232.039154,549.515771,551.184972,551.023147,552.526228,549.986222,130.025076,129.975202,129.981951,131.963036,129.980287,1.155619,1.078658,1.083203,1.078658,1.117939
150,4.950000,231.788080,228.070697,228.510355,227.139547,232.667440,550.301969,551.125558,551.045822,552.366901,549.995000,130.391651,130.146441,130.179571,132.140262,130.143198,1.041870,1.083203,1.080762,1.083203,1.118662
151,4.983000,233.398021,228.461409,229.042199,227.868125,233.337285,550.037474,551.144171,551.036973,552.336286,549.999422,130.231064,130.346485,130.330858,132.369687,130.305662,1.181181,1.080762,1.086692,1.080762,1.119352
152,5.016000,233.757936,229.030063,229.586330,228.882963,234.047479,550.552509,551.129863,551.073986,552.255797,549.999488,130.470649,130.496629,130.493114,132.505977,130.467677,1.138058,1.086692,1.089725,1.086692,1.120009
153,5.049000,234.946443,229.609437,230.235426,229.889524,234.796672,549.612179,551.164029,551.013594,552.255467,549.995198,130.664256,130.658629,130.659390,132.664862,130.629242,1.133691,1.089725,1.092321,1.089725,1.120633
154,5.082000,235.543741,230.298177,230.913099,231.058795,235.583377,549.607454,551.095976,550.951689,552.094543,549.986552,130.583605,130.824959,130.792281,132.831867,130.790357,1.022598,1.092321,1.088204,1.092321,1.121226
155,5.115000,236.298359,231.014774,231.633455,232.247206,236.405980,549.743105,551.026722,550.902333,551.936216,549.973550,131.134030,130.955463,130.979567,132.933427,130.951022,1.109111,1.088204,1.089439,1.088204,1.121789
156,5.148000,237.472054,231.774273,232.439716,233.481156,237.262740,550.973729,550.971032,550.971292,551.803737,549.956192,130.884348,131.144510,131.109299,133.143816,131.111236,1.083320,1.089439,1.089077,1.089439,1.122321
157,5.181000,237.870104,232.622611,233.235789,234.839517,238.151802,549.297286,551.040004,550.870983,551.872870,549.934478,131.601617,131.271671,131.316141,133.239811,131.271000,1.133046,1.089077,1.091674,1.089077,1.122824
158,5.214000,239.114939,233.457431,234.116713,236.144009,239.071203,550.325126,550.931086,550.872423,551.659612,549.908408,131.236117,131.481759,131.448535,133.489250,131.430312,1.220646,1.091674,1.099290,1.091674,1.123298
159,5.247000,239.739030,234.379990,235.004374,237.571221,240.018879,549.713215,550.929538,550.811660,551.621849,549.877982,131.571277,131.611729,131.606266,133.589830,131.589174,1.179985,1.099290,1.104055,1.099290,1.123745
160,5.280000,241.302472,235.307053,236.003013,238.975890,240.992673,550.571100,550.862772,550.834547,551.482315,549.843200,132.062172,131.769061,131.808544,133.742332,131.747585,1.138833,1.104055,1.106109,1.104055,1.124165
161,5.313000,241.856267,236.349578,236.989046,240.550377,241.990348,550.398189,550.884221,550.837169,551.486340,549.804062,131.592261,131.974218,131.922554,133.982393,131.905547,1.178807,1.106109,1.110402,1.106109,1.124558
162,5.346000,243.546662,237.375905,238.089707,242.065101,243.009588,549.825445,550.884448,550.781826,551.457520,549.760568,132.109778,132.084462,132.087876,134.046979,132.063059,1.140380,1.110402,1.112172,1.110402,1.124926
163,5.379000,243.740112,238.521505,239.126330,243.755425,244.048017,550.082204,550.823878,550.752040,551.333599,549.712718,132.004427,132.250033,132.216859,134.215567,132.220123,1.141044,1.112172,1.113877,1.112172,1.125270
164,5.412000,245.061302,239.596174,240.228005,245.291251,245.103203,548.992756,550.790433,550.615998,551.255808,549.660512,132.256442,132.376599,132.360387,134.312833,132.376740,1.160933,1.113877,1.116656,1.113877,1.125590
165,5.445000,245.942750,240.737557,241.338925,246.913953,246.172667,549.880159,550.645508,550.571365,551.003201,549.603950,132.639548,132.518945,132.535188,134.440865,132.532909,1.117873,1.116656,1.116728,1.116656,1.125886
166,5.478000,247.661086,241.886237,242.550960,248.520325,247.253898,549.380907,550.597098,550.479184,550.909021,549.543032,132.512050,132.694929,132.670257,134.631187,132.688634,1.066348,1.116728,1.113753,1.116728,1.126161
167,5.511000,248.335913,243.139971,243.738284,250.279492,248.344357,548.722755,550.498912,550.326536,550.738043,549.477758,132.967880,132.828202,132.847002,134.742688,132.843914,1.077459,1.113753,1.111609,1.113753,1.126414
168,5.544000,249.488856,244.364791,244.953964,251.958805,249.441493,549.340027,550.337486,550.240798,550.470201,549.408128,133.121519,133.006315,133.021819,134.937386,132.998752,1.156925,1.111609,1.114285,1.111609,1.126647
169,5.577000,250.291817,245.617356,246.154751,253.658474,250.542749,549.017932,550.246823,550.127647,550.319848,549.334142,133.360769,133.182261,133.206269,135.127006,133.153149,1.076767,1.114285,1.112070,1.114285,1.126860
170,5.610000,251.382821,246.851753,247.372009,255.300265,251.645577,548.938497,550.127601,550.012281,550.127051,549.255800,133.247658,133.368456,133.352183,135.334368,133.307107,1.127617,1.112070,1.112988,1.112070,1.127055
171,5.643000,252.390819,248.101516,248.593561,256.944024,252.747440,549.437396,550.006362,549.951234,549.934614,549.173102,133.560073,133.513187,133.519495,135.464756,133.460628,1.170763,1.112988,1.116400,1.112988,1.127231
172,5.676000,253.684421,249.353779,249.849618,258.568531,253.845833,549.621035,549.942507,549.911369,549.836723,549.086048,133.767414,133.680958,133.692583,135.638084,133.613713,1.108716,1.116400,1.115946,1.116400,1.127390
173,5.709000,254.880859,250.640749,251.125521,260.230225,254.938284,548.588952,549.901056,549.773747,549.776046,548.994638,133.808202,133.854891,133.848609,135.822257,133.766366,1.115269,1.115946,1.115906,1.115946,1.127533
174,5.742000,255.980267,251.946845,252.407504,261.902293,256.022367,548.930717,549.756948,549.676839,549.553333,548.898872,133.394351,134.010461,133.927287,135.972296,133.918588,1.147022,1.115906,1.117743,1.115906,1.127661
175,5.775000,257.173923,253.257489,253.704183,263.560337,257.095714,548.428432,549.655960,549.536851,549.402880,548.798750,133.821580,134.083098,134.047883,135.971718,134.070382,1.082476,1.117743,1.115661,1.117743,1.127773
176,5.808000,258.387620,254.581930,255.015401,265.221285,258.156020,549.089692,549.509904,549.469181,549.183278,548.694272,134.034587,134.201138,134.178729,136.058766,134.221750,1.050265,1.115661,1.111799,1.115661,1.127873
177,5.841000,259.052885,255.920058,256.277090,266.885605,259.201056,548.190365,549.440160,549.318863,549.088386,548.585438,134.152682,134.330357,134.306456,136.168271,134.372696,1.042656,1.111799,1.107716,1.111799,1.127959
178,5.874000,260.690922,257.203889,257.600127,268.437813,260.228673,548.553183,549.283662,549.212821,548.856985,548.472248,134.315123,134.456349,134.437359,136.273239,134.523222,1.100361,1.107716,1.107282,1.107716,1.128034
179,5.907000,260.594794,258.551471,258.784401,270.082921,261.236815,549.494923,549.174011,549.205082,548.703586,548.354702,134.754681,134.585875,134.608524,136.386065,134.673332,1.129246,1.107282,1.108579,1.107282,1.128097
180,5.940000,262.396576,259.750160,260.050720,271.456319,262.223526,548.259232,549.167855,549.079695,548.716619,548.232800,134.687143,134.758682,134.749071,136.578784,134.823028,1.088960,1.108579,1.107420,1.108579,1.128150
181,5.973000,262.981080,261.035057,261.256232,272.966413,263.186953,548.026281,549.037976,548.939789,548.532293,548.106542,135.217434,134.898532,134.941261,136.710187,134.972314,1.147880,1.107420,1.109809,1.107420,1.128194
182,6.006000,264.117329,262.254226,262.465697,274.351121,264.125361,547.885366,548.893068,548.795260,548.326745,547.975928,135.262374,135.093820,135.116420,136.943020,135.121193,1.185729,1.109809,1.114293,1.109809,1.128230
183,6.039000,265.342280,263.476735,263.688150,275.731739,265.037129,547.558360,548.743555,548.628475,548.116824,547.840958,135.048675,135.270617,135.240791,137.139670,135.269670,1.203862,1.114293,1.119582,1.114293,1.128258
184,6.072000,265.941450,264.712215,264.851604,277.125124,265.920768,547.047461,548.570906,548.422886,547.873096,547.701632,136.010667,135.392827,135.475392,137.235688,135.417747,1.201881,1.119582,1.124442,1.119582,1.128279
185,6.105000,266.545598,265.884249,265.959272,278.401157,266.774915,546.868095,548.357774,548.213027,547.568535,547.557950,135.374462,135.633408,135.598619,137.548755,135.565429,1.222446,1.124442,1.130229,1.124442,1.128295
186,6.138000,266.862891,266.996531,266.981352,279.569359,267.598345,547.532368,548.140538,548.081523,547.261888,547.409912,135.809272,135.754117,135.761510,137.638932,135.712720,1.126499,1.130229,1.130009,1.130229,1.128306
187,6.171000,269.229213,268.017678,268.154484,280.579204,268.389973,547.703231,548.006027,547.976656,547.090921,547.257518,135.871757,135.917542,135.911403,137.808844,135.859624,1.129359,1.130009,1.129971,1.130009,1.128313
188,6.204000,269.118263,269.199207,269.190040,281.862504,269.148859,546.132369,547.899663,547.727804,546.966412,547.100768,135.983323,136.066991,136.055772,137.952908,136.006145,1.220327,1.129971,1.135306,1.129971,1.128316
189,6.237000,270.287946,270.234200,270.240276,282.890684,269.874206,547.007588,547.642051,547.580462,546.602624,546.939662,136.076134,136.210549,136.192524,138.086628,136.152288,1.118320,1.135306,1.134303,1.135306,1.128318
190,6.270000,270.553534,271.284808,271.202018,283.945805,270.565369,547.115730,547.491569,547.455096,546.414089,546.774200,136.469091,136.345997,136.362472,138.206277,136.298058,1.046517,1.134303,1.129119,1.134303,1.128319
191,6.303000,271.220214,272.241484,272.125886,284.841064,271.221853,546.399613,547.364345,547.270622,546.264328,546.604382,137.098122,136.517136,136.594651,138.391854,136.443459,1.198985,1.129119,1.133245,1.129119,1.128319
192,6.336000,272.563401,273.158283,273.091114,285.672185,271.843313,547.275914,547.175092,547.184871,546.017161,546.430208,136.504708,136.754918,136.721369,138.697546,136.588496,1.219458,1.133245,1.138336,1.133245,1.128319
193,6.369000,272.550152,274.119407,273.941842,286.583568,272.429556,545.124399,547.089840,546.898538,545.937952,546.251678,136.715379,136.879212,136.857263,138.792457,136.733174,1.116814,1.138336,1.137065,1.138336,1.128321
194,6.402000,273.800761,274.959296,274.828505,287.292071,272.980543,545.658903,546.793754,546.683433,545.523641,546.068792,137.200529,137.013520,137.038512,138.907548,136.877499,1.188531,1.137065,1.140104,1.137065,1.128326
195,6.435000,273.049388,275.837981,275.521786,288.074058,273.496383,546.096245,546.573024,546.526720,545.234729,545.881550,136.696781,137.196574,137.129510,139.112477,137.021475,1.193964,1.140104,1.143285,1.140104,1.128333
196,6.468000,274.117112,276.511992,276.241009,288.514481,273.977334,545.507502,546.413950,546.325844,545.047035,545.689952,137.151027,137.282731,137.265104,139.139951,137.165109,1.118175,1.143285,1.141802,1.143285,1.128345
197,6.501000,274.458157,277.214711,276.902674,289.017160,274.423802,545.390014,546.208581,546.129018,544.787205,545.493998,137.009957,137.417052,137.362486,139.258852,137.308405,1.130693,1.141802,1.141146,1.141802,1.128362
198,6.534000,274.894518,277.857385,277.521997,289.429649,274.836334,544.972884,546.007697,545.907067,544.537138,545.293688,136.767733,137.510497,137.410748,139.304575,137.451370,1.223810,1.141146,1.146028,1.141146,1.128384
199,6.567000,275.119158,278.456310,278.078324,289.781326,275.215621,544.505027,545.780613,545.656504,544.247843,545.089022,138.031022,137.551564,137.615448,139.258424,137.594009,1.052657,1.146028,1.140514,1.146028,1.128414
200,6.600000,275.202688,278.989664,278.560329,290.036205,275.562485,545.348959,545.523720,545.506745,543.914216,544.880000,137.769795,137.760871,137.762064,139.523578,137.736329,1.126949,1.140514,1.139713,1.140514,1.128451
201,6.633000,276.020868,279.445589,279.057945,290.176012,275.877884,544.514143,545.373095,545.289557,543.753096,544.666622,138.209160,137.907573,137.947786,139.671322,137.878335,1.058497,1.139713,1.134917,1.139713,1.128497
202,6.666000,275.944129,279.919671,279.469048,290.364828,276.162900,544.717280,545.151646,545.109426,543.479990,544.448888,138.086473,138.096194,138.094896,139.895081,138.020033,1.076824,1.134917,1.131486,1.134917,1.128552
203,6.699000,277.119052,280.303430,279.943503,290.417146,276.418733,544.304694,544.969360,544.904721,543.271594,544.226798,138.259347,138.243210,138.245365,140.040963,138.161431,1.044716,1.131486,1.126362,1.131486,1.128617
204,6.732000,276.914413,280.756054,280.321026,290.605165,276.646701,543.523551,544.761357,544.640851,543.023615,544.000352,137.980907,138.393835,138.338566,140.193469,138.302535,1.112602,1.126362,1.125550,1.126362,1.128694
205,6.765000,277.169791,281.107205,280.661271,290.636645,276.848225,543.584874,544.491338,544.403125,542.679060,543.769550,138.429972,138.483054,138.475967,140.234434,138.443350,1.108970,1.125550,1.124571,1.125550,1.128783
206,6.798000,276.761995,281.420427,280.891673,290.622326,277.024828,543.898310,544.249111,544.214999,542.382267,543.534392,138.668139,138.619945,138.626375,140.365139,138.583885,1.073900,1.124571,1.121578,1.124571,1.128885
207,6.831000,277.684068,281.618802,281.173238,290.432485,277.178125,543.344630,544.059244,543.989704,542.171298,543.294878,138.706512,138.770816,138.762233,140.521620,138.724146,1.051636,1.121578,1.117448,1.121578,1.129001
208,6.864000,277.230985,281.873388,281.346490,290.360054,277.309814,543.008207,543.830399,543.750366,541.899431,543.051008,138.820316,138.906057,138.894614,140.649373,138.864140,0.972589,1.117448,1.108894,1.117448,1.129131
209,6.897000,277.829078,282.014747,281.540340,290.114835,277.421668,542.662888,543.586976,543.496996,541.606488,542.802782,138.718318,139.037614,138.994947,140.770949,139.003874,1.169196,1.108894,1.112455,1.108894,1.129278
210,6.930000,277.842234,282.179890,281.687952,289.932018,277.515530,542.945891,543.329012,543.291735,541.292846,542.550200,138.892590,139.134878,139.102523,140.831008,139.143356,1.220641,1.112455,1.118844,1.112455,1.129440
211,6.963000,277.846386,282.297744,281.792634,289.689157,277.593298,542.822600,543.121848,543.092732,541.062614,542.293262,139.342249,139.240127,139.253732,140.908051,139.282593,1.212670,1.118844,1.124384,1.118844,1.129620
212,6.996000,277.871388,282.371878,281.860992,289.393017,277.656918,541.987037,542.921358,542.830342,540.844104,542.031968,139.249913,139.392314,139.373317,141.072097,139.421592,1.152898,1.124384,1.126068,1.124384,1.129818
213,7.029000,277.185646,282.409347,281.814824,289.056066,277.708379,542.586609,542.654321,542.647734,540.520732,541.766318,139.480622,139.510533,139.506547,141.173762,139.560362,1.093889,1.126068,1.124168,1.126068,1.130035
214,7.062000,277.570266,282.327240,281.786454,288.538334,277.749695,541.079276,542.471376,542.335624,540.333709,541.496312,139.870170,139.643476,139.673638,141.303232,139.698909,1.141256,1.124168,1.125177,1.124168,1.130272
215,7.095000,277.567112,282.266184,281.731867,288.081095,277.782904,541.257840,542.152334,542.065166,539.930627,541.221950,139.838678,139.812736,139.816191,141.498762,139.837243,1.114778,1.125177,1.124563,1.125177,1.130529
216,7.128000,277.241086,282.179308,281.617121,287.602831,277.810052,540.926974,541.877423,541.784781,539.601748,540.943232,140.111378,139.955536,139.976272,141.644571,139.975371,1.070952,1.124563,1.121397,1.124563,1.130809
217,7.161000,277.834003,282.030592,281.553732,287.042359,277.833187,541.111370,541.592305,541.545457,539.259267,540.660158,140.348607,140.117107,140.147888,141.824192,140.113301,1.088153,1.121397,1.119434,1.121397,1.131110
218,7.194000,277.595385,281.938391,281.444408,286.600927,277.854347,540.665178,541.350588,541.283789,538.988538,540.372728,140.237641,140.290933,140.283836,142.024807,140.251041,1.135091,1.119434,1.120358,1.119434,1.131434
219,7.227000,277.652719,281.799224,281.327629,286.100014,277.875550,539.598864,541.085507,540.940405,538.682087,540.080942,140.465821,140.426371,140.431620,142.154071,140.388601,1.121371,1.120358,1.120418,1.120358,1.131783
220,7.260000,278.029952,281.653954,281.242237,285.609413,277.898789,538.976614,540.734709,540.563007,538.241414,539.784800,140.529766,140.574532,140.568574,142.306798,140.525988,1.158632,1.120418,1.122675,1.120418,1.132156
221,7.293000,278.155166,281.543691,281.158793,285.197677,277.926017,539.805022,540.348535,540.295553,537.748879,539.484302,140.452830,140.711059,140.676652,142.438144,140.663211,0.943142,1.122675,1.112073,1.122675,1.132555
222,7.326000,278.028128,281.436996,281.049536,284.809157,277.959140,539.287183,540.078373,540.001201,537.445892,539.179448,140.785953,140.816669,140.812583,142.513843,140.800280,1.058578,1.112073,1.108914,1.112073,1.132980
223,7.359000,278.101373,281.304335,280.940303,284.392806,278.000010,538.388821,539.780077,539.644216,537.099779,538.870238,140.603778,140.952307,140.905864,142.645930,140.937202,1.068063,1.108914,1.106502,1.108914,1.133432
224,7.392000,277.979516,281.173114,280.809944,283.995058,278.050412,538.430183,539.416145,539.319911,536.651655,538.556672,141.226299,141.042259,141.066698,142.695526,141.073988,1.118662,1.106502,1.107220,1.106502,1.133912
225,7.425000,278.017838,281.020819,280.679332,283.576875,278.112061,537.365640,539.086920,538.918677,536.262786,538.238750,140.969406,141.204844,141.173506,142.879342,141.210645,1.063586,1.107220,1.104643,1.107220,1.134421
226,7.458000,278.405611,280.869581,280.589705,283.175631,278.186589,537.577330,538.677083,538.569681,535.748662,537.916472,141.340150,141.309406,141.313491,142.956687,141.347184,1.117518,1.104643,1.105403,1.104643,1.134959
227,7.491000,278.271507,280.763051,280.479857,282.864204,278.275541,538.093225,538.322593,538.300222,535.327590,537.589838,141.528372,141.449684,141.460134,143.100511,141.483614,1.191057,1.105403,1.110461,1.105403,1.135527
228,7.524000,278.075739,280.636098,280.344858,282.529933,278.380365,537.389054,538.051989,537.987270,535.043114,537.258848,141.587436,141.597075,141.595795,143.256974,141.619944,1.144722,1.110461,1.112485,1.110461,1.136127
229,7.557000,278.294788,280.483510,280.234701,282.164138,278.502408,537.483780,537.735727,537.711142,534.686717,536.923502,141.642817,141.732645,141.720709,143.391432,141.756183,1.137609,1.112485,1.113968,1.112485,1.136758
230,7.590000,278.613393,280.358327,280.160142,281.856817,278.642908,537.099099,537.458341,537.423274,534.394084,536.583800,141.720352,141.856704,141.838584,143.505134,141.892343,1.229549,1.113968,1.120793,1.113968,1.137421
231,7.623000,278.701122,280.271799,280.093415,281.625213,278.802988,536.756975,537.168679,537.128480,534.082670,536.239742,141.867938,141.973283,141.959289,143.605995,142.028431,1.105875,1.120793,1.119912,1.120793,1.138117
232,7.656000,278.844510,280.194299,280.041036,281.417135,278.983652,535.865651,536.871827,536.773468,533.760880,535.891328,142.095466,142.092987,142.093316,143.713561,142.164459,1.139668,1.119912,1.121079,1.119912,1.138848
233,7.689000,279.965088,280.132664,280.113699,281.243315,279.185780,535.636868,536.511780,536.426255,533.339805,535.538558,141.902636,142.227037,142.183903,143.847897,142.300437,1.178405,1.121079,1.124464,1.121079,1.139612
234,7.722000,279.552569,280.204183,280.130297,281.300953,279.410123,534.182514,536.160189,535.966470,532.935142,535.181432,142.617130,142.314539,142.354612,143.898006,142.436374,1.151825,1.124464,1.126080,1.124464,1.140412
235,7.755000,279.716218,280.216319,280.159620,281.259012,279.657300,535.334018,535.690485,535.655656,532.345211,534.819950,142.374987,142.488114,142.473097,144.106313,142.572281,1.199480,1.126080,1.130414,1.126080,1.141248
236,7.788000,279.531211,280.242218,280.161528,281.243417,279.927796,534.742501,535.377887,535.315765,532.010995,534.454112,142.835720,142.605525,142.636012,144.210712,142.708168,1.154189,1.130414,1.131818,1.130414,1.142120
237,7.821000,280.299003,280.239256,280.246022,281.181410,280.221960,534.393661,535.034815,534.972116,531.629356,534.083918,143.271687,142.770619,142.836858,144.402218,142.844046,1.134634,1.131818,1.131985,1.131818,1.143030
238,7.854000,280.708536,280.324158,280.367652,281.271262,280.540000,533.723679,534.687954,534.593586,531.243565,533.709368,143.180984,142.976198,143.003312,144.665168,142.979925,1.189546,1.131985,1.135384,1.131985,1.143977
239,7.887000,281.448065,280.448413,280.561329,281.427337,280.881986,533.466026,534.304590,534.222526,530.801598,533.330462,143.438662,143.144589,143.183494,144.857036,143.115816,1.183515,1.135384,1.138226,1.135384,1.144963
240,7.920000,280.633074,280.648905,280.647111,281.710426,281.247849,533.018501,533.929324,533.840159,530.375363,532.947200,143.112968,143.327549,143.299081,145.073674,143.251730,1.197766,1.138226,1.141742,1.138226,1.145988
241,7.953000,281.698484,280.734578,280.843494,281.794787,281.637379,532.253780,533.542388,533.416133,529.933039,532.559582,143.313123,143.441104,143.424138,145.162593,143.387677,1.056432,1.141742,1.136704,1.141742,1.147053
242,7.986000,282.279340,280.937532,281.088976,282.077386,282.050228,532.595600,533.111891,533.061361,529.424101,532.167608,143.812877,143.564950,143.597733,145.271761,143.523669,1.189052,1.136704,1.139796,1.136704,1.148158
243,8.019000,282.686837,281.192149,281.360767,282.442726,282.485910,531.249746,532.754528,532.606976,529.035340,531.771278,143.691997,143.740885,143.734410,145.476051,143.659717,1.079158,1.139796,1.136215,1.139796,1.149304
244,8.052000,282.959702,281.474108,281.641695,282.847937,282.943806,530.992082,532.292578,532.165073,528.481687,531.370592,143.733363,143.877100,143.858058,145.606668,143.795831,1.263452,1.136215,1.143728,1.136215,1.150492
245,8.085000,282.905298,281.765140,281.893885,283.261440,283.423166,530.529604,531.844136,531.715223,527.953989,530.965550,144.226699,143.999390,144.029428,145.712497,143.932024,1.059452,1.143728,1.138752,1.143728,1.151722
246,8.118000,284.788896,282.025089,282.335549,283.615452,283.923108,530.213255,531.387674,531.272502,527.417381,530.556152,143.962186,144.172901,144.144989,145.911969,144.068307,1.136105,1.138752,1.138595,1.138752,1.152994
247,8.151000,284.620717,282.485462,282.725736,284.302589,284.442629,530.336605,530.939045,530.880009,526.897136,530.142398,144.530991,144.286473,144.318766,146.001424,144.204690,1.063112,1.138595,1.134138,1.138595,1.154310
248,8.184000,284.817076,282.890123,283.107041,284.882699,284.980606,530.282398,530.543522,530.517942,526.464897,529.724288,144.409684,144.462551,144.455558,146.205398,144.341186,1.101381,1.134138,1.132204,1.134138,1.155670
249,8.217000,285.094054,283.284492,283.488206,285.435411,285.535800,528.765054,530.180143,530.041214,526.085605,529.301822,144.817474,144.598845,144.627709,146.335653,144.477807,1.142056,1.132204,1.132785,1.132204,1.157073
250,8.250000,286.075474,283.677921,283.947243,285.977496,286.106866,529.112586,529.696283,529.639045,525.515310,528.875000,144.633509,144.773051,144.754594,146.534780,144.614563,1.219443,1.132785,1.137903,1.132785,1.158522
251,8.283000,286.057925,284.153166,284.367376,286.649207,286.692353,529.134771,529.291176,529.275846,525.074585,528.443822,144.927995,144.898622,144.902502,146.644419,144.751468,1.174526,1.137903,1.140065,1.137903,1.160016
252,8.316000,288.008132,284.586186,284.969055,287.238432,287.290717,526.821771,528.927191,528.720094,524.701058,528.008288,144.881047,145.046807,145.024889,146.795952,144.888532,1.163237,1.140065,1.141434,1.140065,1.161556
253,8.349000,287.510711,285.210890,285.468978,288.142231,287.900327,528.372966,528.360803,528.361995,524.005752,527.568398,145.196992,145.167633,145.171510,146.897869,145.025769,1.083752,1.141434,1.138028,1.141434,1.163142
254,8.382000,288.421606,285.726329,286.028270,288.845729,288.519467,528.046778,528.002765,528.007080,523.648456,527.124152,145.468843,145.314530,145.334886,147.048110,145.163189,1.122335,1.138028,1.137101,1.138028,1.164774
255,8.415000,289.321011,286.303764,286.641254,289.643089,289.146351,526.783907,527.648071,527.563188,523.296451,526.675550,145.080234,145.479355,145.426543,147.230488,145.300805,1.158832,1.137101,1.138384,1.137101,1.166454
256,8.448000,290.008937,286.937020,287.280363,290.522055,289.779129,525.798277,527.199817,527.061990,522.795327,526.222592,145.407430,145.567256,145.546142,147.272860,145.438631,1.175401,1.138384,1.140570,1.138384,1.168182
257,8.481000,291.268410,287.596742,288.006109,291.431639,290.415893,525.667666,526.691536,526.590889,522.201183,525.765278,145.208572,145.685354,145.622263,147.372761,145.576676,1.202516,1.140570,1.144228,1.140570,1.169958
258,8.514000,290.762716,288.347054,288.617234,292.479719,291.054691,525.056798,526.215261,526.101330,521.662197,525.303608,145.540172,145.756989,145.728348,147.390031,145.714956,1.050601,1.144228,1.138699,1.144228,1.171782
259,8.547000,292.085711,288.974384,289.321389,293.303478,291.693530,524.060646,525.719844,525.556484,521.095776,524.837582,146.211155,145.861039,145.907124,147.469405,145.853481,1.115135,1.138699,1.137308,1.138699,1.173655
260,8.580000,292.938676,289.699342,290.060216,294.280589,292.330392,524.208540,525.166598,525.072359,520.440701,524.367200,146.032716,146.043090,146.041722,147.691154,145.992265,1.172547,1.137308,1.139389,1.137308,1.175578
261,8.613000,292.963419,290.459792,290.739113,295.303137,292.963238,523.515338,524.677625,524.563227,519.892974,523.892462,145.898181,146.177590,146.140687,147.824475,146.131320,1.197192,1.139389,1.142802,1.139389,1.177550
262,8.646000,293.364676,291.155416,291.401920,296.201519,293.590021,523.416956,524.162608,524.089250,519.306618,523.413368,146.305600,146.273933,146.278107,147.889045,146.270658,1.115616,1.142802,1.141197,1.142802,1.179572
263,8.679000,294.464138,291.832978,292.125947,297.057919,294.208695,523.107083,523.684856,523.628015,518.783110,522.929918,146.258802,146.411650,146.391485,148.030355,146.410294,1.176991,1.141197,1.143310,1.141197,1.181644
264,8.712000,295.458251,292.574530,292.895116,298.011908,294.817222,522.799222,523.220695,523.179231,518.283488,522.442112,146.282812,146.523597,146.491819,148.124946,146.550240,1.166012,1.143310,1.144651,1.143310,1.183767
265,8.745000,295.153204,293.362867,293.562389,299.032580,295.413587,521.586290,522.769777,522.653162,517.806695,521.949950,146.606887,146.621674,146.619726,148.195681,146.690508,1.144381,1.144651,1.144635,1.144651,1.185942
266,8.778000,295.931791,294.042064,294.252424,299.856295,295.995802,521.720206,522.237703,522.186756,517.201837,521.453432,146.046165,146.749443,146.656403,148.321773,146.831112,1.119023,1.144635,1.143123,1.144635,1.188167
267,8.811000,296.873646,294.744661,294.981288,300.711178,296.561922,521.482329,521.768673,521.740486,516.701003,520.952558,146.771952,146.779518,146.778521,148.271823,146.972065,1.247378,1.143123,1.149279,1.143123,1.190444
268,8.844000,296.986602,295.487650,295.654427,301.625375,297.110046,520.360037,521.320952,521.226227,516.235681,520.447328,147.117268,146.901566,146.929940,148.393013,147.113380,1.141336,1.149279,1.148810,1.149279,1.192773
269,8.877000,297.236757,296.170739,296.289402,302.429068,297.638334,519.764557,520.801812,520.699520,515.657381,519.937742,147.419748,147.054997,147.102929,148.570841,147.255071,1.243843,1.148810,1.154422,1.148810,1.195155
270,8.910000,298.170838,296.812790,296.963706,303.156884,298.145012,519.862776,520.269833,520.229723,515.061503,519.423800,147.141874,147.231385,147.219593,148.788433,147.397151,1.198830,1.154422,1.157044,1.154422,1.197588
271,8.943000,298.362257,297.496088,297.592408,303.949202,298.628382,519.209136,519.797968,519.739912,514.564577,518.905502,147.640201,147.347213,147.385718,148.894127,147.539633,1.157154,1.157044,1.157051,1.157044,1.200075
272,8.976000,298.321421,298.130527,298.151781,304.653186,299.086829,518.252041,519.305164,519.201220,514.035490,518.382848,147.962474,147.516068,147.574670,149.096066,147.682530,1.162993,1.157051,1.157402,1.157051,1.202614
273,9.009000,299.512770,298.691166,298.782403,305.229162,299.518832,518.102748,518.761111,518.696156,513.426462,517.855838,147.867577,147.709173,147.729999,149.339514,147.825858,1.125059,1.157402,1.155492,1.157402,1.205206
274,9.042000,299.407041,299.327218,299.336095,305.931026,299.922966,516.893022,518.252697,518.118349,512.877436,517.324472,147.841527,147.865977,147.862760,149.514203,147.969628,1.256795,1.155492,1.161474,1.155492,1.207852
275,9.075000,300.061110,299.881437,299.901399,306.491645,300.297918,516.739608,517.667959,517.576272,512.208678,516.788750,148.543547,147.998511,148.069971,149.643975,148.113854,1.198202,1.161474,1.163643,1.161474,1.210551
276,9.108000,300.786300,300.447928,300.485480,307.072522,300.642484,516.457007,517.121150,517.055569,511.604517,516.248672,148.160541,148.210782,148.204174,149.917584,148.258551,1.088355,1.163643,1.159197,1.163643,1.213303
277,9.141000,301.220254,301.034240,301.054880,307.685884,300.955584,516.401168,516.597061,516.577728,511.039395,515.704238,148.754858,148.344517,148.398332,150.045649,148.403732,1.275038,1.159197,1.166038,1.159197,1.216110
278,9.174000,301.219571,301.604867,301.562070,308.271372,301.236261,514.553085,516.118222,515.963339,510.548457,515.155448,148.624998,148.542484,148.553323,150.289781,148.549412,1.261958,1.166038,1.171702,1.166038,1.218970
279,9.207000,301.026320,302.109515,301.989021,308.745218,301.483691,514.762421,515.495835,515.423342,509.829116,514.602302,148.422231,148.698242,148.661919,150.454835,148.695603,1.171171,1.171702,1.171671,1.171702,1.221885
280,9.240000,301.766402,302.529314,302.444574,309.078331,301.697186,514.301412,514.952093,514.887767,509.239984,514.044800,148.731028,148.804269,148.794644,150.529720,148.842320,1.340098,1.171671,1.181617,1.171671,1.224853
281,9.273000,301.461634,302.979840,302.810914,309.467915,301.876196,513.947653,514.413195,514.367173,508.660800,513.482942,148.948391,148.936314,148.937899,150.653515,148.989577,1.199621,1.181617,1.182680,1.181617,1.227876
282,9.306000,302.103424,303.336161,303.199176,309.702798,302.020317,512.843415,513.890222,513.786603,508.108998,512.916728,149.286221,149.079681,149.106764,150.798241,149.137388,1.243787,1.182680,1.186288,1.182680,1.230953
283,9.339000,301.341224,303.716302,303.451596,309.984495,302.129291,512.914828,513.304296,513.265777,507.458144,512.346158,149.529201,149.250459,149.286985,150.992223,149.285767,1.226393,1.186288,1.188657,1.186288,1.234084
284,9.372000,302.232492,303.953034,303.761714,310.031061,302.203008,511.484459,512.781478,512.652958,506.911184,511.771232,149.404546,149.433261,149.429493,151.206310,149.434728,1.173163,1.188657,1.187742,1.188657,1.237270
285,9.405000,302.232045,304.251815,304.027093,310.192437,302.241509,510.927964,512.162012,512.039707,506.211148,511.191950,149.502477,149.575503,149.565920,151.345325,149.584286,1.190197,1.187742,1.187887,1.187742,1.240510
286,9.438000,302.284089,304.503883,304.256826,310.283154,302.244986,509.800134,511.542434,511.369549,505.514876,510.608312,149.923213,149.711253,149.739017,151.472871,149.734455,1.217896,1.187887,1.189659,1.187887,1.243804
287,9.471000,302.062226,304.718985,304.422979,310.320912,302.213785,510.673285,510.863329,510.844517,504.727331,510.020318,150.174558,149.886311,149.924040,151.671690,149.885248,1.206798,1.189659,1.190671,1.189659,1.247153
288,9.504000,301.736232,304.867612,304.518295,310.257106,302.148400,509.758349,510.337323,510.279954,504.189523,509.427968,149.471817,150.073997,149.994790,151.891661,150.036682,1.257256,1.190671,1.194603,1.190671,1.250557
289,9.537000,301.865257,304.942250,304.599089,310.081102,302.049478,509.138568,509.769790,509.707217,503.585985,508.831262,149.852311,150.139158,150.101505,151.889065,150.188769,1.222674,1.194603,1.196261,1.194603,1.254015
290,9.570000,301.830382,305.002734,304.648855,309.895402,301.917813,508.712931,509.193813,509.146141,502.970729,508.230200,150.266115,150.243216,150.246216,151.960922,150.341524,1.316856,1.196261,1.203382,1.196261,1.257527
291,9.603000,301.857405,305.031559,304.677474,309.670390,301.754348,507.481426,508.630267,508.516206,502.377249,507.624782,150.195564,150.388138,150.362885,152.108409,150.494963,1.325654,1.203382,1.210602,1.203382,1.261094
292,9.636000,301.901837,305.039227,304.689261,309.424102,301.560168,507.161287,507.994422,507.911725,501.669763,507.015008,150.782877,150.503027,150.539617,152.201709,150.649098,1.255775,1.210602,1.213270,1.210602,1.264714
293,9.669000,301.421254,305.030308,304.627128,309.164204,301.336497,506.630065,507.385654,507.310640,501.009041,506.400878,151.269460,150.682338,150.758953,152.412295,150.803946,1.459728,1.213270,1.227824,1.213270,1.268389
294,9.702000,301.314129,304.944322,304.538692,308.789098,301.084698,505.609774,506.780680,506.664310,500.356926,505.782392,151.188984,150.907075,150.943917,152.702498,150.959520,1.242086,1.227824,1.228666,1.227824,1.272118
295,9.735000,300.155984,304.831889,304.307688,308.385799,300.806262,505.162955,506.128315,506.032376,499.631409,505.159550,151.696475,151.094636,151.173125,152.921533,151.115835,1.289798,1.228666,1.232276,1.228666,1.275901
296,9.768000,300.929410,304.569875,304.162885,307.747903,300.502807,504.165146,505.491404,505.359468,498.934173,504.532352,151.037113,151.329374,151.291074,153.223303,151.272906,1.359406,1.232276,1.239783,1.232276,1.279738
297,9.801000,300.175114,304.400996,303.927589,307.287182,300.176072,504.088379,504.811651,504.739752,498.171436,503.900798,151.647078,151.444625,151.471074,153.305854,151.430747,1.289371,1.239783,1.242712,1.239783,1.283628
298,9.834000,300.516266,304.137692,303.732571,306.684396,299.827907,503.395831,504.188203,504.109398,497.502753,503.264888,152.025826,151.626487,151.678584,153.510292,151.589374,1.302169,1.242712,1.246223,1.242712,1.287572
299,9.867000,298.994494,303.918705,303.365485,306.174875,299.460269,501.792378,503.553757,503.378215,496.818712,502.624622,151.540897,151.837665,151.798807,153.765923,151.748800,1.247125,1.246223,1.246276,1.246223,1.291569
300,9.900000,298.834893,303.518885,302.992774,305.378278,299.075216,502.452535,502.813457,502.777564,495.967904,501.980000,151.667920,151.955153,151.917556,153.850263,151.909042,1.175295,1.246276,1.242084,1.246276,1.295619
301,9.933000,298.867196,303.115040,302.638279,304.597049,298.674894,501.532888,502.210942,502.143448,495.342786,501.331022,152.087332,152.071258,152.073357,153.934304,152.070113,1.348652,1.242084,1.248377,1.242084,1.299723
302,9.966000,298.176926,302.732326,302.220282,303.872299,298.261533,499.949461,501.573318,501.411346,494.662648,500.677688,151.914208,152.227207,152.186252,154.092044,152.232028,1.336418,1.248377,1.253576,1.248377,1.303878
303,9.999000,297.931191,302.284018,301.794731,303.056575,297.837439,500.241452,500.832796,500.773900,493.820067,500.019998,152.534165,152.337221,152.362909,154.167149,152.394803,1.410448,1.253576,1.262840,1.253576,1.308087
304,10.032000,297.291029,301.829497,301.318719,302.250896,297.404981,499.892773,500.192288,500.162462,493.142436,499.357952,152.666959,152.515685,152.535416,154.367504,152.558452,1.306480,1.262840,1.265417,1.262840,1.312347
305,10.065000,296.881434,301.323235,300.823124,301.377969,296.966583,499.339230,499.579297,499.555385,492.510641,498.691550,152.865132,152.689578,152.712468,154.558209,152.722989,1.343598,1.265417,1.270034,1.265417,1.316660
306,10.098000,296.714464,300.798014,300.338386,300.493651,296.524716,498.974190,498.970977,498.971297,491.887238,498.020792,152.868933,152.868238,152.868329,154.756366,152.888431,1.227823,1.270034,1.267541,1.270034,1.321024
307,10.131000,296.153426,300.286042,299.820461,299.651560,296.081890,497.134386,498.386905,498.261828,491.303369,497.345678,153.145237,153.024106,153.039897,154.912310,153.054792,1.341576,1.267541,1.271913,1.267541,1.325440
308,10.164000,295.634370,299.740521,299.277584,298.771549,295.640636,496.407069,497.670924,497.544666,490.508454,496.666208,153.208443,153.196783,153.198303,155.098430,153.222086,1.306623,1.271913,1.273963,1.271913,1.329906
309,10.197000,295.231564,299.170196,298.725998,297.868534,295.203506,495.882649,496.947187,496.840840,489.705014,495.982382,153.287033,153.355296,153.346392,155.258238,153.390330,1.480346,1.273963,1.286150,1.273963,1.334424
310,10.230000,295.190644,298.592266,298.208922,296.971278,294.773056,495.306240,496.237821,496.144744,488.928493,495.294200,153.945692,153.502760,153.560352,155.398125,153.559537,1.333476,1.286150,1.288945,1.286150,1.338992
311,10.263000,294.727466,298.052448,297.677503,296.155790,294.351837,494.663192,495.536874,495.449558,488.168751,494.601662,153.934628,153.720761,153.748597,155.665118,153.729723,1.332701,1.288945,1.291529,1.288945,1.343610
312,10.296000,293.432558,297.498777,297.038817,295.332400,293.942387,493.990086,494.837136,494.752453,487.413840,493.904768,153.882989,153.910960,153.907315,155.878990,153.900903,1.240657,1.291529,1.288525,1.291529,1.348278
313,10.329000,292.871078,296.832785,296.384384,294.335422,293.547219,493.032081,494.135615,494.025197,486.658793,493.203518,153.961678,154.069422,154.055381,156.034353,154.073092,1.419783,1.288525,1.296276,1.288525,1.352995
314,10.362000,293.488545,296.151721,295.851197,293.331573,293.168810,491.619356,493.402600,493.223879,485.855960,492.497912,154.390874,154.216503,154.239185,156.169500,154.246304,1.261744,1.296276,1.294237,1.296276,1.357761
315,10.395000,292.962807,295.600681,295.302764,292.564115,292.809592,492.438109,492.591955,492.576576,484.932274,491.787950,154.736694,154.401897,154.445397,156.374168,154.420556,1.502056,1.294237,1.306509,1.294237,1.362575
316,10.428000,292.230953,295.034542,294.717464,291.783357,292.471943,491.047712,491.943850,491.854111,484.274438,491.073632,154.409961,154.611157,154.584945,156.620380,154.595861,1.389375,1.306509,1.311402,1.306509,1.367438
317,10.461000,292.188614,294.430390,294.177055,290.950698,292.158177,489.686561,491.216698,491.063231,483.490486,490.354958,154.815014,154.748869,154.757471,156.735831,154.772236,1.353118,1.311402,1.313866,1.311402,1.372349
318,10.494000,292.150935,293.874913,293.680227,290.212583,291.870531,489.552607,490.417802,490.331097,482.594420,489.631928,154.822386,154.921998,154.909035,156.916263,154.949694,1.424306,1.313866,1.320387,1.313866,1.377307
319,10.527000,291.595827,293.366501,293.166342,289.563763,291.611163,488.675608,489.681137,489.580300,481.802836,488.904542,154.946557,155.072654,155.056246,157.055916,155.128251,1.391394,1.320387,1.324580,1.320387,1.382311
320,10.560000,291.344092,292.840702,292.671523,288.893558,291.382135,488.458337,488.925069,488.878291,480.982877,488.172800,155.009757,155.218717,155.191521,157.188056,155.307923,1.326136,1.324580,1.324672,1.324580,1.387362
321,10.593000,291.246594,292.335810,292.212736,288.266567,291.185412,487.481124,488.220614,488.146431,480.248772,487.436702,155.195045,155.352088,155.331660,157.298357,155.488723,1.414102,1.324672,1.329953,1.324672,1.392459
322,10.626000,290.906871,291.869693,291.760858,287.711596,291.022849,486.464296,487.484873,487.382397,479.465995,486.696248,155.391678,155.490798,155.477912,157.419741,155.670668,1.493326,1.329953,1.339601,1.329953,1.397602
323,10.659000,290.925593,291.411330,291.356463,287.174633,290.896184,486.076115,486.715477,486.651296,478.631597,485.951438,155.938742,155.636148,155.675390,157.554164,155.853772,1.317505,1.339601,1.338296,1.339601,1.402789
324,10.692000,291.242680,291.003665,291.030623,286.727331,290.807033,485.139255,485.981017,485.896452,477.856413,485.202272,156.183812,155.836371,155.881407,157.787654,156.038050,1.392595,1.338296,1.341502,1.338296,1.408021
325,10.725000,291.083468,290.679433,290.725009,286.422579,290.756884,484.017456,485.221743,485.100626,477.043462,484.448750,156.109645,156.045537,156.053858,158.034989,156.223517,1.299873,1.341502,1.339044,1.341502,1.413297
326,10.758000,291.015796,290.376537,290.448639,286.152627,290.747085,483.781089,484.419573,484.355399,476.164383,483.690872,156.092841,156.218569,156.202237,158.215071,156.410189,1.484209,1.339044,1.347616,1.339044,1.418616
327,10.791000,291.342565,290.104467,290.243932,285.932687,290.778845,482.732756,483.670983,483.576589,475.375028,482.928638,156.773143,156.365807,156.418550,158.348475,156.598079,1.436332,1.347616,1.352855,1.347616,1.423977
328,10.824000,291.199341,289.908080,290.053579,285.837156,290.853228,482.360647,482.887224,482.834263,474.531286,482.162048,156.942013,156.585805,156.631928,158.613136,156.787204,1.377047,1.352855,1.354284,1.352855,1.429381
329,10.857000,290.892761,289.726410,289.857938,285.760724,290.971144,481.506933,482.142121,482.078196,473.752516,481.391102,157.114833,156.802404,156.842857,158.868782,156.977578,1.521213,1.354284,1.364141,1.354284,1.434827
330,10.890000,290.903952,289.538619,289.692548,285.668082,291.133351,480.629444,481.382700,481.306843,472.952443,480.615800,157.501369,157.016157,157.078903,159.116771,157.169216,1.437616,1.364141,1.368480,1.364141,1.440314
331,10.923000,291.506765,289.382416,289.621436,285.623249,291.340448,479.509173,480.607365,480.496652,472.128851,479.836142,157.469675,157.256583,157.284172,159.410283,157.362133,1.503995,1.368480,1.376483,1.368480,1.445841
332,10.956000,291.266533,289.325574,289.544133,285.739361,291.592875,479.619987,479.791362,479.774107,471.242388,479.052128,157.260499,157.463777,157.437407,159.640811,157.556344,1.436734,1.376483,1.380041,1.376483,1.451408
333,10.989000,291.951033,289.261319,289.563557,285.833271,291.890908,478.260098,479.067911,478.986445,470.507951,478.263758,157.888733,157.615173,157.650556,159.769911,157.751864,1.443042,1.380041,1.383761,1.380041,1.457015
334,11.022000,292.447002,289.298788,289.652093,286.089474,292.234662,478.077027,478.275967,478.255919,469.664122,477.471032,157.568189,157.830789,157.796734,160.015434,157.948708,1.456075,1.383761,1.388031,1.383761,1.462660
335,11.055000,292.096172,289.408420,289.710483,286.454807,292.624088,476.548106,477.544388,477.443792,468.919769,476.673950,158.145215,157.974593,157.996660,160.130463,158.146890,1.574650,1.388031,1.399051,1.388031,1.468342
336,11.088000,293.519810,289.484846,289.936456,286.749850,293.058974,475.637520,476.726971,476.616899,468.038233,475.872512,158.282724,158.176058,158.189854,160.350568,158.346426,1.506827,1.399051,1.405416,1.399051,1.474063
337,11.121000,293.964807,289.737784,290.210568,287.329630,293.538944,475.393654,475.894288,475.843741,467.135366,475.066718,158.633896,158.370212,158.404277,160.556373,158.547329,1.444209,1.405416,1.407707,1.405416,1.479820
338,11.154000,294.375546,290.040122,290.524784,287.974110,294.063462,475.132177,475.118470,475.119853,466.327304,474.256568,158.512879,158.587007,158.577416,160.801926,158.749616,1.446635,1.407707,1.410005,1.407707,1.485613
339,11.187000,294.452374,290.383270,290.838406,288.667955,294.631835,473.783261,474.394655,474.332857,465.604371,473.442062,158.775772,158.759479,158.761586,160.966304,158.953300,1.521403,1.410005,1.416584,1.410005,1.491441
340,11.220000,295.052939,290.724058,291.207710,289.338023,295.243210,472.922413,473.604404,473.535430,464.774670,472.623200,159.161706,158.943795,158.971927,161.152397,159.158397,1.455188,1.416584,1.418863,1.416584,1.497304
341,11.253000,296.235228,291.122224,291.691912,290.086034,295.896587,472.853594,472.803343,472.808421,463.929561,471.799982,159.263578,159.156095,159.169975,161.388425,159.364921,1.433486,1.418863,1.419727,1.418863,1.503201
342,11.286000,296.213313,291.640415,292.150508,291.016213,296.590813,470.736268,472.076601,471.940757,463.206063,470.972408,159.388534,159.355108,159.359425,161.599142,159.572887,1.500799,1.419727,1.424514,1.419727,1.509131
343,11.319000,297.646068,292.129437,292.742732,291.874026,297.324595,469.876378,471.201774,471.067387,462.244413,470.140478,159.590500,159.544858,159.550750,161.792531,159.782309,1.491053,1.424514,1.428444,1.424514,1.515094
344,11.352000,298.336097,292.758231,293.377842,292.946099,298.096499,469.609798,470.321316,470.249224,461.278029,469.304192,159.899802,159.736593,159.757644,161.989232,159.993202,1.520620,1.428444,1.433887,1.428444,1.521088
345,11.385000,298.973209,293.430275,294.045647,294.065834,298.904961,468.301112,469.499348,469.377772,460.409947,468.463550,160.157746,159.944950,159.972380,162.215323,160.205581,1.487567,1.433887,1.437057,1.433887,1.527114
346,11.418000,299.842239,294.134749,294.767602,295.214767,299.748289,466.999984,468.621478,468.456745,459.454278,467.618552,160.436211,160.161592,160.196969,162.455068,160.419460,1.607437,1.437057,1.447118,1.437057,1.533170
347,11.451000,300.531863,294.894397,295.519102,296.431313,300.624675,466.883928,467.691751,467.609770,458.419092,466.769198,161.051494,160.388638,160.473822,162.711899,160.634853,1.569110,1.447118,1.454322,1.447118,1.539255
348,11.484000,300.929461,295.683090,296.264615,297.670818,301.532196,465.551565,466.840444,466.709460,457.515279,465.915488,160.460647,160.671406,160.644202,163.066365,160.851775,1.566507,1.454322,1.460947,1.454322,1.545370
349,11.517000,302.395729,296.463207,297.118845,298.870384,302.468828,464.095972,465.933209,465.746206,456.524117,465.057422,161.051368,160.839898,160.867122,163.211968,161.070241,1.536730,1.460947,1.465422,1.460947,1.551512
350,11.550000,304.241185,297.356433,298.114441,300.236278,303.432451,464.302859,464.960066,464.893290,455.431099,464.195000,161.571033,161.064707,161.129764,163.459675,161.290264,1.642474,1.465422,1.475877,1.465422,1.557681
351,11.583000,304.619898,298.397088,299.082826,301.823110,304.420857,462.821856,464.103618,463.973160,454.531826,463.328222,161.953999,161.331861,161.411720,163.781532,161.511859,1.516769,1.475877,1.478292,1.475877,1.563878
352,11.616000,305.702078,299.406212,300.099084,303.326047,305.431762,462.838120,463.176581,463.142178,453.521085,462.457088,161.397542,161.619356,161.590765,164.136151,161.735041,1.542841,1.478292,1.482104,1.478292,1.570099
353,11.649000,306.098435,300.463608,301.084202,304.882084,306.462814,461.073145,462.343777,462.214320,452.666197,461.581598,161.891447,161.796418,161.808642,164.289190,161.959822,1.641930,1.482104,1.491542,1.482104,1.576346
354,11.682000,307.241956,301.485549,302.118545,306.350357,307.511599,460.249673,461.409061,461.290901,451.648343,460.701752,162.542910,162.015143,162.082847,164.518182,162.186219,1.635102,1.491542,1.500019,1.491542,1.582617
355,11.715000,308.964349,302.557425,303.259761,307.877180,308.575658,459.592135,460.479379,460.388954,450.642742,459.817550,162.569850,162.294038,162.329455,164.853925,162.414244,1.618547,1.500019,1.507019,1.500019,1.588911
356,11.748000,310.494946,303.740256,304.479033,309.564446,309.652490,458.216876,459.572637,459.434262,449.677875,458.928992,162.474912,162.543098,162.534330,165.132712,162.643912,1.600097,1.507019,1.512515,1.507019,1.595228
357,11.781000,310.659479,305.003273,305.623036,311.357686,310.739568,458.232138,458.610602,458.572028,448.626850,458.036078,163.327310,162.747366,162.821658,165.329623,162.875237,1.613940,1.512515,1.518504,1.512515,1.601566
358,11.814000,312.307788,306.183944,306.853141,312.982826,311.834343,457.318546,457.746320,457.702692,447.737749,457.138808,163.090916,163.039835,163.046395,165.684405,163.108232,1.703898,1.518504,1.529452,1.518504,1.607925
359,11.847000,313.198619,307.453612,308.081218,314.732042,312.934259,456.562701,456.874668,456.842841,446.838011,456.237182,163.437789,163.265026,163.287188,165.915095,163.342913,1.633081,1.529452,1.535572,1.529452,1.614304
360,11.880000,313.846278,308.718762,309.279100,316.446576,314.036764,455.763121,456.013125,455.987609,445.955971,455.331200,163.621870,163.507351,163.522040,166.175995,163.579291,1.596484,1.535572,1.539169,1.535572,1.620702
361,11.913000,315.484727,309.949718,310.553025,318.078422,315.139315,454.609848,455.156538,455.100678,445.082943,454.420862,163.694608,163.743219,163.736981,166.424171,163.817382,1.589837,1.539169,1.542161,1.539169,1.627119
362,11.946000,317.453290,311.259224,311.932147,319.819205,316.239394,453.552889,454.266636,454.193645,444.157033,453.506168,163.724781,163.957728,163.927815,166.633455,164.057199,1.623881,1.542161,1.546987,1.542161,1.633553
363,11.979000,317.203400,312.677999,313.171224,321.718618,317.334512,452.447450,453.355719,453.262749,443.199041,452.587118,164.650819,164.146497,164.210980,166.797180,164.298755,1.574978,1.546987,1.548640,1.546987,1.640004
364,12.012000,318.275914,313.946114,314.417581,323.338715,318.422226,451.538558,452.419874,452.329620,442.203210,451.663712,164.304137,164.434114,164.417445,167.138767,164.542065,1.490135,1.548640,1.545185,1.548640,1.646470
365,12.045000,319.533064,315.220204,315.689158,324.948970,319.500143,450.509218,451.481938,451.382251,441.207012,450.735950,164.844123,164.639429,164.665624,167.330135,164.787141,1.694850,1.545185,1.554023,1.545185,1.652951
366,12.078000,320.387609,316.519343,316.939859,326.582191,320.565932,449.705600,450.529258,450.444826,440.189949,449.803832,165.817693,164.889415,165.007712,167.602030,165.033998,1.541373,1.554023,1.553276,1.554023,1.659447
367,12.111000,321.335764,317.794737,318.179468,328.156900,321.617331,448.809624,449.587332,449.507573,439.193466,448.867358,165.528247,165.239663,165.276549,168.051188,165.282648,1.747446,1.553276,1.564742,1.553276,1.665955
368,12.144000,322.506003,319.056919,319.431217,329.692691,322.652160,447.997272,448.645826,448.579293,438.200398,447.926528,165.242483,165.511043,165.476630,168.353396,165.533105,1.607546,1.564742,1.567270,1.564742,1.672476
369,12.177000,323.336538,320.330610,320.656752,331.232344,323.668324,447.202027,447.713995,447.661460,437.225535,446.981342,165.828911,165.708752,165.724112,168.522354,165.785383,1.692783,1.567270,1.574681,1.567270,1.679008
370,12.210000,324.609689,321.575248,321.903998,332.708529,324.663826,445.570777,446.793357,446.667653,436.270901,446.031800,165.593011,165.957292,165.910626,168.783722,166.039493,1.728752,1.574681,1.583780,1.574681,1.685551
371,12.243000,325.506252,322.841733,323.130303,334.208218,325.636771,445.624948,445.792836,445.775601,435.188995,445.077902,165.758812,166.140592,166.091697,168.928063,166.295451,1.667831,1.583780,1.588743,1.583780,1.692104
372,12.276000,326.594894,324.084912,324.356494,335.655925,326.585376,443.447376,444.899863,444.750283,434.284858,444.119648,166.489931,166.318297,166.340207,169.064963,166.553268,1.589461,1.588743,1.588786,1.588743,1.698665
373,12.309000,327.219777,325.326970,325.531847,337.090311,327.507975,442.786476,443.866547,443.755339,433.154601,443.157038,166.842841,166.568315,166.603330,169.333260,166.812957,1.809541,1.588786,1.601822,1.588786,1.705234
374,12.342000,328.764249,326.514283,326.757270,338.422594,328.403023,442.548113,442.865654,442.832991,432.081599,442.190072,167.226994,166.833847,166.883942,169.627994,167.074532,1.645938,1.601822,1.604427,1.601822,1.711810
375,12.375000,329.190046,327.753879,327.909127,339.833986,329.269108,441.206963,441.941558,441.865887,431.136311,441.218750,167.647766,167.117905,167.185349,169.953818,167.338005,1.644113,1.604427,1.606770,1.604427,1.718392
376,12.408000,329.973794,328.914784,329.029237,341.104564,330.104950,439.837750,440.970402,440.853564,430.116038,440.243072,167.745679,167.423949,167.464930,170.316071,167.603390,1.743894,1.606770,1.614868,1.606770,1.724979
377,12.441000,330.864237,330.041559,330.130422,342.312130,330.909406,439.461530,439.951819,439.901280,429.021577,439.263038,167.747636,167.706347,167.711612,170.632609,167.870698,1.714019,1.614868,1.620723,1.614868,1.731571
378,12.474000,330.786316,331.147915,331.108777,343.481163,331.681477,437.994746,438.996826,438.893362,428.033745,438.278648,168.433454,167.953390,168.014441,170.884037,168.139942,1.765243,1.620723,1.629257,1.620723,1.738166
379,12.507000,332.466737,332.123994,332.160981,344.429657,332.420311,436.963405,437.983359,437.877984,426.953015,437.289902,168.304160,168.260412,168.265986,171.241882,168.411135,1.810967,1.629257,1.639987,1.629257,1.744764
380,12.540000,333.098552,333.178347,333.169735,345.510059,333.125200,436.833184,436.962325,436.949000,425.863438,436.296800,168.902025,168.512340,168.561881,171.498448,168.684290,1.835407,1.639987,1.651527,1.639987,1.751363
381,12.573000,334.310487,334.186602,334.199951,346.512253,333.795590,434.779712,436.032626,435.902965,424.925066,435.299342,169.472961,168.811634,168.895557,171.838949,168.959418,1.790443,1.651527,1.659731,1.651527,1.757963
382,12.606000,334.779293,335.217592,335.170336,347.552631,334.431075,434.170968,434.979625,434.895965,423.787634,434.297528,169.397465,169.151067,169.182389,172.248160,169.236532,1.697794,1.659731,1.661978,1.659731,1.764563
383,12.639000,335.125318,336.185237,336.070876,348.487067,335.031403,432.960485,433.968129,433.863775,422.721630,433.291358,169.600509,169.440046,169.460444,172.563170,169.515644,1.875876,1.661978,1.674609,1.661978,1.771161
384,12.672000,335.928811,337.079151,336.955111,349.300668,335.596473,432.562268,432.930327,432.892237,421.615802,432.280832,169.895259,169.719500,169.741830,172.859568,169.796766,1.769758,1.674609,1.680228,1.674609,1.777758
385,12.705000,335.788363,337.956204,337.722008,350.090671,336.126333,431.465040,431.956739,431.905809,420.617370,431.265950,170.363624,170.002415,170.048244,173.161027,170.079910,1.788803,1.680228,1.686640,1.680228,1.784352
386,12.738000,336.827626,338.709550,338.506550,350.679763,336.621183,429.568986,430.967569,430.822342,419.594963,430.246712,170.527880,170.311967,170.339369,173.508618,170.365089,1.774568,1.686640,1.691832,1.686640,1.790942
387,12.771000,336.610842,339.482354,339.172013,351.310280,337.081371,428.652277,429.876278,429.749145,418.408843,429.223118,170.771646,170.604969,170.626118,173.824354,170.652313,1.668233,1.691832,1.690438,1.691832,1.797527
388,12.804000,337.777977,340.129882,339.876209,351.740414,337.507388,428.933975,428.796229,428.810505,417.245732,428.195168,170.940465,170.893164,170.899167,174.130090,170.941595,1.839874,1.690438,1.699263,1.690438,1.804107
389,12.837000,337.421304,340.819426,340.452109,352.252358,337.899866,427.051450,427.858358,427.774514,416.317194,427.162862,170.884334,171.166624,171.130755,174.408526,171.232946,1.811642,1.699263,1.705899,1.699263,1.810680
390,12.870000,338.578897,341.374121,341.072610,352.550028,338.259578,425.778796,426.817843,426.709756,415.221837,426.126200,171.501831,171.395760,171.409205,174.607939,171.526378,1.804580,1.705899,1.711726,1.705899,1.817246
391,12.903000,338.783479,341.977225,341.632524,352.942259,338.587426,425.420978,425.747249,425.713338,414.080503,425.085182,171.178212,171.675129,171.611972,174.898445,171.821902,1.857861,1.711726,1.720356,1.711726,1.823804
392,12.936000,338.404517,342.517260,342.072477,353.241330,338.884444,423.556807,424.748999,424.624781,413.060047,424.039808,172.579543,171.873581,171.962726,175.044603,172.119529,1.753415,1.720356,1.722308,1.720356,1.830353
393,12.969000,338.302652,342.931574,342.430457,353.344860,339.151786,423.668980,423.653728,423.655314,411.883384,422.990078,172.603684,172.230423,172.277617,175.475231,172.419272,1.789565,1.722308,1.726280,1.722308,1.836892
394,13.002000,339.492240,343.260678,342.853747,353.323966,339.390722,421.715475,422.684346,422.583313,410.915043,421.935992,172.792356,172.548535,172.579370,175.832390,172.721140,1.785363,1.726280,1.729769,1.726280,1.843419
395,13.035000,339.695095,343.660529,343.232195,353.439709,339.602635,420.914401,421.606878,421.534662,409.771298,420.877550,173.332076,172.852392,172.912959,176.161749,173.025146,1.771557,1.729769,1.732237,1.729769,1.849935
396,13.068000,339.080277,344.014315,343.480084,353.494553,339.789006,419.662688,420.554316,420.461231,408.671336,419.814752,173.686347,173.190111,173.252735,176.549538,173.331299,1.928636,1.732237,1.743834,1.732237,1.856439
397,13.101000,341.189001,344.231454,343.903695,353.338970,339.951416,418.683909,419.475842,419.393128,407.531726,418.747598,173.175738,173.534157,173.488751,176.945333,173.639612,1.876437,1.743834,1.751665,1.743834,1.862928
398,13.134000,339.672117,344.636205,344.098769,353.515118,340.091530,417.530151,418.403254,418.311985,406.404782,417.676088,173.960936,173.767079,173.791559,177.140750,173.950094,1.926611,1.751665,1.761996,1.751665,1.869404
399,13.167000,340.008949,344.800364,344.281860,353.304546,340.211092,416.764528,417.317160,417.259393,405.258675,416.600222,174.422601,174.071554,174.115830,177.465437,174.262756,1.908733,1.761996,1.770661,1.761996,1.875864
400,13.200000,339.675655,344.953636,344.381723,353.096387,340.311918,415.711074,416.261432,416.203864,404.164938,415.520000,174.939999,174.398840,174.467000,177.829263,174.577609,1.976234,1.770661,1.782800,1.770661,1.882308
